,PRODUTOS,TIPO,UNIDADE EMBALAGEM,VARIAÇÃO ULTIMOS 12 MESES,MIN,MODAL,MAX,CLASSE,DATA,ARQUIVO
0,ABACATE,,Cx 20 kg,"-57,14",50.0,60.0,70.0,1. FRUTAS NACIONAIS,14-03-2023,./pdfs/CEASA-RJ_Boletim_diário_de_preços__14_03_2023.pdf
1,ABACAXI ANANÁS,GRANDE,"Unid 2,5 kg",,0.0,0.0,0.0,1. FRUTAS NACIONAIS,14-03-2023,./pdfs/CEASA-RJ_Boletim_diário_de_preços__14_03_2023.pdf
2,ABACAXI PÉROLA,MÉDIO,"Unid 2,0 kg","40,00",6.0,7.0,8.0,1. FRUTAS NACIONAIS,14-03-2023,./pdfs/CEASA-RJ_Boletim_diário_de_preços__14_03_2023.pdf
3,AMEIXA NACIONAL,,Cx 5 kg,"33,33",50.0,60.0,70.0,1. FRUTAS NACIONAIS,14-03-2023,./pdfs/CEASA-RJ_Boletim_diário_de_preços__14_03_2023.pdf
4,AMORA,,"Cx 1 kg / 4 band 0,25 kg","-37,50",40.0,50.0,60.0,1. FRUTAS NACIONAIS,14-03-2023,./pdfs/CEASA-RJ_Boletim_diário_de_preços__14_03_2023.pdf
5,ATEMÓIA,,Cx 3 kg,"37,50",50.0,55.0,60.0,1. FRUTAS NACIONAIS,14-03-2023,./pdfs/CEASA-RJ_Boletim_diário_de_preços__14_03_2023.pdf
6,BANANA DA TERRA,,Cx 20 kg,"71,43",110.0,120.0,130.0,1. FRUTAS NACIONAIS,14-03-2023,./pdfs/CEASA-RJ_Boletim_diário_de_preços__14_03_2023.pdf
7,BANANA FIGO,,Cx 2 kg,,0.0,0.0,0.0,1. FRUTAS NACIONAIS,14-03-2023,./pdfs/CEASA-RJ_Boletim_diário_de_preços__14_03_2023.pdf
8,BANANA MAÇÃ,EXTRA,Cx 20 kg,"0,00",90.0,100.0,110.0,1. FRUTAS NACIONAIS,14-03-2023,./pdfs/CEASA-RJ_Boletim_diário_de_preços__14_03_2023.pdf
9,BANANA NANICA/D’ÁGUA,EXTRA,Cx 20 kg,"0,37",50.0,60.0,65.0,1. FRUTAS NACIONAIS,14-03-2023,./pdfs/CEASA-RJ_Boletim_diário_de_preços__14_03_2023.pdf
10,BANANA OURO,,Cx 20 kg,"2,62",80.0,85.0,110.0,1. FRUTAS NACIONAIS,14-03-2023,./pdfs/CEASA-RJ_Boletim_diário_de_preços__14_03_2023.pdf
11,BANANA PACOVAN,,Cx 20 kg,,0.0,0.0,0.0,1. FRUTAS NACIONAIS,14-03-2023,./pdfs/CEASA-RJ_Boletim_diário_de_preços__14_03_2023.pdf
12,BANANA PRATA,EXTRA,Cx 20 kg,"11,11",80.0,100.0,110.0,1. FRUTAS NACIONAIS,14-03-2023,./pdfs/CEASA-RJ_Boletim_diário_de_preços__14_03_2023.pdf
13,CAJÁ,,Cx 20 kg,,0.0,0.0,0.0,1. FRUTAS NACIONAIS,14-03-2023,./pdfs/CEASA-RJ_Boletim_diário_de_preços__14_03_2023.pdf
14,CAJÚ,,"Cx 1,6 kg","0,00",30.0,45.0,50.0,1. FRUTAS NACIONAIS,14-03-2023,./pdfs/CEASA-RJ_Boletim_diário_de_preços__14_03_2023.pdf
15,CAQUI FUYU,,"Cx 2,0 kg","-25,00",20.0,30.0,40.0,1. FRUTAS NACIONAIS,14-03-2023,./pdfs/CEASA-RJ_Boletim_diário_de_preços__14_03_2023.pdf
16,CAQUI RAMA FORTE,A,Cx 8 kg,"-7,54",30.0,40.0,60.0,1. FRUTAS NACIONAIS,14-03-2023,./pdfs/CEASA-RJ_Boletim_diário_de_preços__14_03_2023.pdf
17,CARAMBOLA,,"Cx 2,0 kg","-16,67",20.0,25.0,35.0,1. FRUTAS NACIONAIS,14-03-2023,./pdfs/CEASA-RJ_Boletim_diário_de_preços__14_03_2023.pdf
18,COCO SECO,,SC 30 KG,"40,00",130.0,140.0,160.0,1. FRUTAS NACIONAIS,14-03-2023,./pdfs/CEASA-RJ_Boletim_diário_de_preços__14_03_2023.pdf
19,COCO VERDE,,Unid,"38,89",2.0,2.5,3.5,1. FRUTAS NACIONAIS,14-03-2023,./pdfs/CEASA-RJ_Boletim_diário_de_preços__14_03_2023.pdf
20,FIGO VERDE,TIPO 8,"Cx 1,0 kg","-16,67",20.0,25.0,30.0,1. FRUTAS NACIONAIS,14-03-2023,./pdfs/CEASA-RJ_Boletim_diário_de_preços__14_03_2023.pdf
21,FRUTA DE CONDE/PINHA,TIPO 4,"Cx 1 kg / 4 band 0,25 kg","0,00",8.0,10.0,12.0,1. FRUTAS NACIONAIS,14-03-2023,./pdfs/CEASA-RJ_Boletim_diário_de_preços__14_03_2023.pdf
22,GOIABA VERMELHA,TIPO 12,"Cx 2,0 kg","20,00",15.0,18.0,22.0,1. FRUTAS NACIONAIS,14-03-2023,./pdfs/CEASA-RJ_Boletim_diário_de_preços__14_03_2023.pdf
23,GRAVIOLA,,"Cx 7,0 kg","0,00",50.0,60.0,70.0,1. FRUTAS NACIONAIS,14-03-2023,./pdfs/CEASA-RJ_Boletim_diário_de_preços__14_03_2023.pdf
24,JABOTICABA,,"Cx 3,0 kg","-12,50",25.0,35.0,40.0,1. FRUTAS NACIONAIS,14-03-2023,./pdfs/CEASA-RJ_Boletim_diário_de_preços__14_03_2023.pdf
25,KIWI NACIONAL,,Cx 8 kg,"30,77",160.0,170.0,180.0,1. FRUTAS NACIONAIS,14-03-2023,./pdfs/CEASA-RJ_Boletim_diário_de_preços__14_03_2023.pdf
26,LARANJA BAHIA,GRANDE,Cx 18 kg,"0,00",80.0,90.0,120.0,1. FRUTAS NACIONAIS,14-03-2023,./pdfs/CEASA-RJ_Boletim_diário_de_preços__14_03_2023.pdf
27,LARANJA LIMA,,Cx 18 kg,"14,29",70.0,80.0,100.0,1. FRUTAS NACIONAIS,14-03-2023,./pdfs/CEASA-RJ_Boletim_diário_de_preços__14_03_2023.pdf
28,LARANJA NATAL,GRANDE,Cx 23 kg,"-1,30",50.0,60.0,70.0,1. FRUTAS NACIONAIS,14-03-2023,./pdfs/CEASA-RJ_Boletim_diário_de_preços__14_03_2023.pdf
29,LARANJA PÊRA,GRANDE,Cx 20 kg,"18,13",50.0,60.0,70.0,1. FRUTAS NACIONAIS,14-03-2023,./pdfs/CEASA-RJ_Boletim_diário_de_preços__14_03_2023.pdf
30,LARANJA SELETA,GRANDE,Cx 20 kg,"0,00",65.0,70.0,75.0,1. FRUTAS NACIONAIS,14-03-2023,./pdfs/CEASA-RJ_Boletim_diário_de_preços__14_03_2023.pdf
31,LARANJA VALENCIA,GRANDE,Cx 22 kg,"-10,38",40.0,50.0,60.0,1. FRUTAS NACIONAIS,14-03-2023,./pdfs/CEASA-RJ_Boletim_diário_de_preços__14_03_2023.pdf
32,LIMA DA PÉRSIA,,Cx 20 kg,"-11,11",70.0,80.0,100.0,1. FRUTAS NACIONAIS,14-03-2023,./pdfs/CEASA-RJ_Boletim_diário_de_preços__14_03_2023.pdf
33,LIMÃO SICILIANO NACIONAL,,Cx 15 kg,"-15,38",90.0,110.0,130.0,1. FRUTAS NACIONAIS,14-03-2023,./pdfs/CEASA-RJ_Boletim_diário_de_preços__14_03_2023.pdf
34,LIMÃO TAITI,,Cx 20 kg,"-16,67",40.0,50.0,60.0,1. FRUTAS NACIONAIS,14-03-2023,./pdfs/CEASA-RJ_Boletim_diário_de_preços__14_03_2023.pdf
35,LISCHIA,,Cx 4 kg,,0.0,0.0,0.0,1. FRUTAS NACIONAIS,14-03-2023,./pdfs/CEASA-RJ_Boletim_diário_de_preços__14_03_2023.pdf
36,MAÇÃ NACIONAL,FUJI,Cx 18 kg,"50,00",140.0,150.0,180.0,1. FRUTAS NACIONAIS,14-03-2023,./pdfs/CEASA-RJ_Boletim_diário_de_preços__14_03_2023.pdf
37,MAÇÃ NACIONAL,GALA,Cx 18 kg,"50,00",90.0,120.0,140.0,1. FRUTAS NACIONAIS,14-03-2023,./pdfs/CEASA-RJ_Boletim_diário_de_preços__14_03_2023.pdf
38,MAMÃO FORMOSA,,Cx 15 kg,"100,00",100.0,120.0,140.0,1. FRUTAS NACIONAIS,14-03-2023,./pdfs/CEASA-RJ_Boletim_diário_de_preços__14_03_2023.pdf
39,MAMÃO PAPAYA/ HAVAI,,Cx 10 kg,"33,33",70.0,80.0,100.0,1. FRUTAS NACIONAIS,14-03-2023,./pdfs/CEASA-RJ_Boletim_diário_de_preços__14_03_2023.pdf
40,MANGA,ESPADA,Cx 15 kg,,0.0,0.0,0.0,1. FRUTAS NACIONAIS,14-03-2023,./pdfs/CEASA-RJ_Boletim_diário_de_preços__14_03_2023.pdf
41,MANGA,PALMER,Cx 18 kg,"38,86",70.0,80.0,90.0,1. FRUTAS NACIONAIS,14-03-2023,./pdfs/CEASA-RJ_Boletim_diário_de_preços__14_03_2023.pdf
42,MANGA TOMMY ATKINS,,Cx 18 kg,"44,20",80.0,100.0,110.0,1. FRUTAS NACIONAIS,14-03-2023,./pdfs/CEASA-RJ_Boletim_diário_de_preços__14_03_2023.pdf
43,MANGA TOMMY ATKINS,,Cx 5 kg,"50,00",20.0,30.0,35.0,1. FRUTAS NACIONAIS,14-03-2023,./pdfs/CEASA-RJ_Boletim_diário_de_preços__14_03_2023.pdf
44,MARACUJÁ,,Cx 10 kg,"33,33",70.0,80.0,90.0,1. FRUTAS NACIONAIS,14-03-2023,./pdfs/CEASA-RJ_Boletim_diário_de_preços__14_03_2023.pdf
45,MELANCIA,GRANDE,kg,"38,89",2.0,2.5,3.0,1. FRUTAS NACIONAIS,14-03-2023,./pdfs/CEASA-RJ_Boletim_diário_de_preços__14_03_2023.pdf
46,MELÃO AMARELO,TIPO 5,Cx 13 kg,"-21,81",50.0,60.0,70.0,1. FRUTAS NACIONAIS,14-03-2023,./pdfs/CEASA-RJ_Boletim_diário_de_preços__14_03_2023.pdf
47,MELÃO DE REDE,TIPO 4,Cx 10 kg,"23,38",70.0,75.0,80.0,1. FRUTAS NACIONAIS,14-03-2023,./pdfs/CEASA-RJ_Boletim_diário_de_preços__14_03_2023.pdf
48,MELÃO PELE DE SAPO,TIPO 4,Cx 13 kg,"-5,00",40.0,50.0,55.0,1. FRUTAS NACIONAIS,14-03-2023,./pdfs/CEASA-RJ_Boletim_diário_de_preços__14_03_2023.pdf
49,MORANGO,EXTRA,"Cx 1,2 kg / 4 cambucas","20,00",15.0,18.0,20.0,1. FRUTAS NACIONAIS,14-03-2023,./pdfs/CEASA-RJ_Boletim_diário_de_preços__14_03_2023.pdf
50,NECTARINA NACIONAL,,,"33,33",70.0,80.0,90.0,1. FRUTAS NACIONAIS,14-03-2023,./pdfs/CEASA-RJ_Boletim_diário_de_preços__14_03_2023.pdf
51,PÊSSEGO NACIONAL,,Cx 6 kg,,0.0,0.0,0.0,1. FRUTAS NACIONAIS,14-03-2023,./pdfs/CEASA-RJ_Boletim_diário_de_preços__14_03_2023.pdf
52,PITAYA,,Cx 4 kg,,55.0,60.0,65.0,1. FRUTAS NACIONAIS,14-03-2023,./pdfs/CEASA-RJ_Boletim_diário_de_preços__14_03_2023.pdf
53,ROMÃ,,Cx 2 kg,"57,14",100.0,110.0,115.0,1. FRUTAS NACIONAIS,14-03-2023,./pdfs/CEASA-RJ_Boletim_diário_de_preços__14_03_2023.pdf
54,SAPUTI,,Cx 3 kg,,40.0,60.0,80.0,1. FRUTAS NACIONAIS,14-03-2023,./pdfs/CEASA-RJ_Boletim_diário_de_preços__14_03_2023.pdf
55,SERIGUELA,,Cx 1 kg,"0,00",25.0,30.0,40.0,1. FRUTAS NACIONAIS,14-03-2023,./pdfs/CEASA-RJ_Boletim_diário_de_preços__14_03_2023.pdf
56,TAMARINDO,,Cx 2 kg,"0,00",25.0,30.0,40.0,1. FRUTAS NACIONAIS,14-03-2023,./pdfs/CEASA-RJ_Boletim_diário_de_preços__14_03_2023.pdf
57,TANGERINA COMUM / RIO,EXTRA,Cx 10 kg,"-26,67",50.0,55.0,65.0,1. FRUTAS NACIONAIS,14-03-2023,./pdfs/CEASA-RJ_Boletim_diário_de_preços__14_03_2023.pdf
58,TANGERINA MURCOTT,EXTRA,Cx 9 kg,,0.0,0.0,0.0,1. FRUTAS NACIONAIS,14-03-2023,./pdfs/CEASA-RJ_Boletim_diário_de_preços__14_03_2023.pdf
59,TANGERINA PONKAN,EXTRA,Cx 9 kg,"100,00",80.0,90.0,110.0,1. FRUTAS NACIONAIS,14-03-2023,./pdfs/CEASA-RJ_Boletim_diário_de_preços__14_03_2023.pdf
60,UVA BENITAKA,EXTRA,Cx 10 kg,"20,00",50.0,60.0,70.0,1. FRUTAS NACIONAIS,14-03-2023,./pdfs/CEASA-RJ_Boletim_diário_de_preços__14_03_2023.pdf
61,UVA ITALIA,EXTRA,Cx 10 kg,"30,65",60.0,65.0,70.0,1. FRUTAS NACIONAIS,14-03-2023,./pdfs/CEASA-RJ_Boletim_diário_de_preços__14_03_2023.pdf
62,UVA RED GLOBE NACIONAL,,Cx 10 kg,"-33,33",50.0,60.0,70.0,1. FRUTAS NACIONAIS,14-03-2023,./pdfs/CEASA-RJ_Boletim_diário_de_preços__14_03_2023.pdf
63,UVA ROSADA/NIAGARA,EXTRA,Cx 8 kg,"4,05",40.0,45.0,50.0,1. FRUTAS NACIONAIS,14-03-2023,./pdfs/CEASA-RJ_Boletim_diário_de_preços__14_03_2023.pdf
64,UVA RUBI,EXTRA,Cx 10 kg,"21,21",55.0,60.0,65.0,1. FRUTAS NACIONAIS,14-03-2023,./pdfs/CEASA-RJ_Boletim_diário_de_preços__14_03_2023.pdf
65,UVA THOMPSON NACIONAL,,,"9,09",110.0,120.0,130.0,1. FRUTAS NACIONAIS,14-03-2023,./pdfs/CEASA-RJ_Boletim_diário_de_preços__14_03_2023.pdf
66,UVA VITÓRIA,,Cx 8 kg,,80.0,85.0,90.0,1. FRUTAS NACIONAIS,14-03-2023,./pdfs/CEASA-RJ_Boletim_diário_de_preços__14_03_2023.pdf
67,AMEIXA IMPORTADA,,Cx 5 kg,"-3,69",100.0,110.0,130.0,2. FRUTAS IMPORTADAS,14-03-2023,./pdfs/CEASA-RJ_Boletim_diário_de_preços__14_03_2023.pdf
68,CEREJA IMPORTADA,,Cx 5 kg,,0.0,0.0,0.0,2. FRUTAS IMPORTADAS,14-03-2023,./pdfs/CEASA-RJ_Boletim_diário_de_preços__14_03_2023.pdf
69,DAMASCO IMPORTDAO,,Cx 8 kg,,0.0,0.0,0.0,2. FRUTAS IMPORTADAS,14-03-2023,./pdfs/CEASA-RJ_Boletim_diário_de_preços__14_03_2023.pdf
70,KIWI IMPORTADO,,Cx 10 kg,"30,77",160.0,170.0,190.0,2. FRUTAS IMPORTADAS,14-03-2023,./pdfs/CEASA-RJ_Boletim_diário_de_preços__14_03_2023.pdf
71,LARANJA KINKAN IMPORTADA,,"Cx 2,0 kg / 4 band 0,5 kg","40,00",60.0,70.0,90.0,2. FRUTAS IMPORTADAS,14-03-2023,./pdfs/CEASA-RJ_Boletim_diário_de_preços__14_03_2023.pdf
72,LIMÃO SICILIANO IMPORTADO,,Cx 15 kg,"0,00",100.0,110.0,130.0,2. FRUTAS IMPORTADAS,14-03-2023,./pdfs/CEASA-RJ_Boletim_diário_de_preços__14_03_2023.pdf
73,MAÇÃ IMPORTADA,GALA,Cx 18 kg,,140.0,150.0,180.0,2. FRUTAS IMPORTADAS,14-03-2023,./pdfs/CEASA-RJ_Boletim_diário_de_preços__14_03_2023.pdf
74,MAÇÃ IMPORTADA,FUJI,Cx 18 kg,,180.0,200.0,210.0,2. FRUTAS IMPORTADAS,14-03-2023,./pdfs/CEASA-RJ_Boletim_diário_de_preços__14_03_2023.pdf
75,MAÇÃ IMPORTADA,RED DELICIOUS,Cx 18 kg,"35,18",200.0,220.0,240.0,2. FRUTAS IMPORTADAS,14-03-2023,./pdfs/CEASA-RJ_Boletim_diário_de_preços__14_03_2023.pdf
76,MAÇÃ IMPORTDA,GRAND SMITH,Cx 18 kg,"0,00",170.0,190.0,210.0,2. FRUTAS IMPORTADAS,14-03-2023,./pdfs/CEASA-RJ_Boletim_diário_de_preços__14_03_2023.pdf
77,NECTARINA IMPORTADA,,Cx 10 kg,"-21,18",70.0,80.0,100.0,2. FRUTAS IMPORTADAS,14-03-2023,./pdfs/CEASA-RJ_Boletim_diário_de_preços__14_03_2023.pdf
78,PÊRA IMPORTADA,D´ANJOUR,Cx 10 kg,"-51,07",70.0,80.0,90.0,2. FRUTAS IMPORTADAS,14-03-2023,./pdfs/CEASA-RJ_Boletim_diário_de_preços__14_03_2023.pdf
79,PÊRA IMPORTADA,PACCK TRIUNPH,Cx 20 kg,,100.0,120.0,150.0,2. FRUTAS IMPORTADAS,14-03-2023,./pdfs/CEASA-RJ_Boletim_diário_de_preços__14_03_2023.pdf
80,PÊRA IMPORTADA,PORTUGUESA,Cx 10 kg,"18,18",120.0,130.0,150.0,2. FRUTAS IMPORTADAS,14-03-2023,./pdfs/CEASA-RJ_Boletim_diário_de_preços__14_03_2023.pdf
81,PÊRA IMPORTADA,WILLIANS,Cx 18 kg,"-14,47",120.0,130.0,140.0,2. FRUTAS IMPORTADAS,14-03-2023,./pdfs/CEASA-RJ_Boletim_diário_de_preços__14_03_2023.pdf
82,PÊRA IMPORTADA,WINTERBARLETT,Cx 20 kg,,0.0,0.0,0.0,2. FRUTAS IMPORTADAS,14-03-2023,./pdfs/CEASA-RJ_Boletim_diário_de_preços__14_03_2023.pdf
83,PÊSSEGO IMPORTADO,,Cx 6 kg,"-16,67",90.0,100.0,120.0,2. FRUTAS IMPORTADAS,14-03-2023,./pdfs/CEASA-RJ_Boletim_diário_de_preços__14_03_2023.pdf
84,PITAYA IMPORTADA,,Cx 4 kg,,0.0,0.0,0.0,2. FRUTAS IMPORTADAS,14-03-2023,./pdfs/CEASA-RJ_Boletim_diário_de_preços__14_03_2023.pdf
85,UVA RED GLOBE IMPORTADA,EXTRA,Cx 10 kg,"-11,11",70.0,80.0,90.0,2. FRUTAS IMPORTADAS,14-03-2023,./pdfs/CEASA-RJ_Boletim_diário_de_preços__14_03_2023.pdf
86,UVA THOMPSON IMPORTADA,EXTRA,Cx 10 kg,"9,09",110.0,120.0,130.0,2. FRUTAS IMPORTADAS,14-03-2023,./pdfs/CEASA-RJ_Boletim_diário_de_preços__14_03_2023.pdf
87,ABÓBORA,BAIANA,kg,"25,00",2.2,2.5,3.0,3. HORTALIÇAS FRUTO,14-03-2023,./pdfs/CEASA-RJ_Boletim_diário_de_preços__14_03_2023.pdf
88,ABÓBORA,BRANCA,kg,"0,00",1.8,2.0,2.5,3. HORTALIÇAS FRUTO,14-03-2023,./pdfs/CEASA-RJ_Boletim_diário_de_preços__14_03_2023.pdf
89,ABÓBORA,JAPONESA,kg,"20,00",2.7,3.0,3.5,3. HORTALIÇAS FRUTO,14-03-2023,./pdfs/CEASA-RJ_Boletim_diário_de_preços__14_03_2023.pdf
90,ABÓBORA,PESCOÇO,kg,"25,00",2.2,2.5,3.0,3. HORTALIÇAS FRUTO,14-03-2023,./pdfs/CEASA-RJ_Boletim_diário_de_preços__14_03_2023.pdf
91,ABÓBORA,SERGIPANA,kg,"0,00",2.3,2.5,3.0,3. HORTALIÇAS FRUTO,14-03-2023,./pdfs/CEASA-RJ_Boletim_diário_de_preços__14_03_2023.pdf
92,ABÓBORA MORANGA BABY,,,,50.0,60.0,70.0,3. HORTALIÇAS FRUTO,14-03-2023,./pdfs/CEASA-RJ_Boletim_diário_de_preços__14_03_2023.pdf
93,ABÓBORA MORANGA HÍBRIDA,,kg,,2.2,2.5,3.0,3. HORTALIÇAS FRUTO,14-03-2023,./pdfs/CEASA-RJ_Boletim_diário_de_preços__14_03_2023.pdf
94,ABOBRINHA ITALIANA,EXTRA,Cx 18 kg,"12,20",60.0,70.0,80.0,3. HORTALIÇAS FRUTO,14-03-2023,./pdfs/CEASA-RJ_Boletim_diário_de_preços__14_03_2023.pdf
95,ABOBRINHA MENINA,EXTRA,Cx 18 kg,"-29,89",40.0,50.0,60.0,3. HORTALIÇAS FRUTO,14-03-2023,./pdfs/CEASA-RJ_Boletim_diário_de_preços__14_03_2023.pdf
96,BERINJELA,EXTRA,Cx 10 kg,"-2,95",35.0,50.0,60.0,3. HORTALIÇAS FRUTO,14-03-2023,./pdfs/CEASA-RJ_Boletim_diário_de_preços__14_03_2023.pdf
97,CHUCHU,EXTRA,Cx 18 kg,"-7,60",40.0,45.0,50.0,3. HORTALIÇAS FRUTO,14-03-2023,./pdfs/CEASA-RJ_Boletim_diário_de_preços__14_03_2023.pdf
98,ERVILHA VAGEM,EXTRA,Cx 8 kg,,0.0,0.0,0.0,3. HORTALIÇAS FRUTO,14-03-2023,./pdfs/CEASA-RJ_Boletim_diário_de_preços__14_03_2023.pdf
99,FEIJÃO DE CORDA,,Cx 10 kg,,0.0,0.0,0.0,3. HORTALIÇAS FRUTO,14-03-2023,./pdfs/CEASA-RJ_Boletim_diário_de_preços__14_03_2023.pdf
100,JILÓ,EXTRA,Cx 15 kg,"5,92",60.0,70.0,80.0,3. HORTALIÇAS FRUTO,14-03-2023,./pdfs/CEASA-RJ_Boletim_diário_de_preços__14_03_2023.pdf
101,MAXIXE,,Cx 10 kg,"36,45",60.0,70.0,80.0,3. HORTALIÇAS FRUTO,14-03-2023,./pdfs/CEASA-RJ_Boletim_diário_de_preços__14_03_2023.pdf
102,MILHO VERDE,,Sc 15 kg,"0,00",20.0,30.0,30.0,3. HORTALIÇAS FRUTO,14-03-2023,./pdfs/CEASA-RJ_Boletim_diário_de_preços__14_03_2023.pdf
103,PEPINO COMUM,EXTRA,Cx 20 kg,"0,00",40.0,50.0,60.0,3. HORTALIÇAS FRUTO,14-03-2023,./pdfs/CEASA-RJ_Boletim_diário_de_preços__14_03_2023.pdf
104,PEPINO JAPONÊS,,Cx 18 kg,"-20,00",50.0,60.0,70.0,3. HORTALIÇAS FRUTO,14-03-2023,./pdfs/CEASA-RJ_Boletim_diário_de_preços__14_03_2023.pdf
105,PIMENTA,DEDO,Sc 1 kg,"25,00",20.0,25.0,30.0,3. HORTALIÇAS FRUTO,14-03-2023,./pdfs/CEASA-RJ_Boletim_diário_de_preços__14_03_2023.pdf
106,PIMENTA,DE CHEIRO,Sc 1 kg,"20,00",20.0,30.0,30.0,3. HORTALIÇAS FRUTO,14-03-2023,./pdfs/CEASA-RJ_Boletim_diário_de_preços__14_03_2023.pdf
107,PIMENTA,MALAGUETA,Sc 1 kg,"33,33",30.0,40.0,45.0,3. HORTALIÇAS FRUTO,14-03-2023,./pdfs/CEASA-RJ_Boletim_diário_de_preços__14_03_2023.pdf
108,PIMENTÃO AMARELO,,Cx 5 kg,"0,00",60.0,70.0,100.0,3. HORTALIÇAS FRUTO,14-03-2023,./pdfs/CEASA-RJ_Boletim_diário_de_preços__14_03_2023.pdf
109,PIMENTÃO VERDE,EXTRA A,Cx 9 kg,"-11,54",50.0,60.0,80.0,3. HORTALIÇAS FRUTO,14-03-2023,./pdfs/CEASA-RJ_Boletim_diário_de_preços__14_03_2023.pdf
110,PIMENTÃO VERMELHO,,Cx 5 kg,"0,00",60.0,70.0,100.0,3. HORTALIÇAS FRUTO,14-03-2023,./pdfs/CEASA-RJ_Boletim_diário_de_preços__14_03_2023.pdf
111,QUIABO,EXTRA,Cx 10 kg,"-9,21",50.0,60.0,70.0,3. HORTALIÇAS FRUTO,14-03-2023,./pdfs/CEASA-RJ_Boletim_diário_de_preços__14_03_2023.pdf
112,TOMATE,EXTRA AA,Cx 18 kg,"-26,88",90.0,110.0,130.0,3. HORTALIÇAS FRUTO,14-03-2023,./pdfs/CEASA-RJ_Boletim_diário_de_preços__14_03_2023.pdf
113,TOMATE CEREJA,,Cx 2 kg / 4 unid,"33,33",18.0,20.0,25.0,3. HORTALIÇAS FRUTO,14-03-2023,./pdfs/CEASA-RJ_Boletim_diário_de_preços__14_03_2023.pdf
114,TOMATE ITALIANO,,Cx 20 kg,,120.0,140.0,150.0,3. HORTALIÇAS FRUTO,14-03-2023,./pdfs/CEASA-RJ_Boletim_diário_de_preços__14_03_2023.pdf
115,TOMATE SWEET GRAPE,,"Cx 1,4 kg - 4 band",,0.0,0.0,0.0,3. HORTALIÇAS FRUTO,14-03-2023,./pdfs/CEASA-RJ_Boletim_diário_de_preços__14_03_2023.pdf
116,VAGEM MACARRÃO,EXTRA,Cx 12 kg,"5,28",120.0,130.0,140.0,3. HORTALIÇAS FRUTO,14-03-2023,./pdfs/CEASA-RJ_Boletim_diário_de_preços__14_03_2023.pdf
117,VAGEM MANTEIGA,EXTRA,Cx 12 kg,"-3,29",90.0,100.0,110.0,3. HORTALIÇAS FRUTO,14-03-2023,./pdfs/CEASA-RJ_Boletim_diário_de_preços__14_03_2023.pdf
118,ACELGA,,Preg 20 kg/8 cab,"16,94",25.0,30.0,32.0,"4. HORTALIÇAS FOLHA, FLOR E HASTE",14-03-2023,./pdfs/CEASA-RJ_Boletim_diário_de_preços__14_03_2023.pdf
119,AGRIÃO,,"Mol 0,25 kg","0,00",0.8,1.0,1.0,"4. HORTALIÇAS FOLHA, FLOR E HASTE",14-03-2023,./pdfs/CEASA-RJ_Boletim_diário_de_preços__14_03_2023.pdf
120,AIPO/SALSÃO,,Ama 13 kg / 6 ml,"33,33",15.0,20.0,25.0,"4. HORTALIÇAS FOLHA, FLOR E HASTE",14-03-2023,./pdfs/CEASA-RJ_Boletim_diário_de_preços__14_03_2023.pdf
121,ALCACHOFRA,,Cx 2 kg,,100.0,110.0,120.0,"4. HORTALIÇAS FOLHA, FLOR E HASTE",14-03-2023,./pdfs/CEASA-RJ_Boletim_diário_de_preços__14_03_2023.pdf
122,ALECRIM,,"Mol 0,15 kg","50,00",2.5,3.0,3.0,"4. HORTALIÇAS FOLHA, FLOR E HASTE",14-03-2023,./pdfs/CEASA-RJ_Boletim_diário_de_preços__14_03_2023.pdf
123,ALFACE CRESPA,EXTRA,Preg 6 kg/18 unid,"-7,45",18.0,20.0,22.0,"4. HORTALIÇAS FOLHA, FLOR E HASTE",14-03-2023,./pdfs/CEASA-RJ_Boletim_diário_de_preços__14_03_2023.pdf
124,ALFACE LISA,EXTRA,Preg 6 kg/18 unid,"-7,45",18.0,20.0,22.0,"4. HORTALIÇAS FOLHA, FLOR E HASTE",14-03-2023,./pdfs/CEASA-RJ_Boletim_diário_de_preços__14_03_2023.pdf
125,ALHO-PORÓ,,"Ama 4,5 kg / 12 unid","11,11",18.0,20.0,25.0,"4. HORTALIÇAS FOLHA, FLOR E HASTE",14-03-2023,./pdfs/CEASA-RJ_Boletim_diário_de_preços__14_03_2023.pdf
126,ALMEIRÃO,,"Ama 0,25 kg / 5 unid",,1.0,1.0,1.5,"4. HORTALIÇAS FOLHA, FLOR E HASTE",14-03-2023,./pdfs/CEASA-RJ_Boletim_diário_de_preços__14_03_2023.pdf
127,ASPARGO,,"Mol 0,4 kg","81,82",30.0,40.0,50.0,"4. HORTALIÇAS FOLHA, FLOR E HASTE",14-03-2023,./pdfs/CEASA-RJ_Boletim_diário_de_preços__14_03_2023.pdf
128,BERTALHA,,"Mol 0,50 kg","50,00",1.0,1.5,2.0,"4. HORTALIÇAS FOLHA, FLOR E HASTE",14-03-2023,./pdfs/CEASA-RJ_Boletim_diário_de_preços__14_03_2023.pdf
129,BRÓCOLIS AMERICANA,,Preg 8 kg / 8 cab,"60,00",45.0,48.0,50.0,"4. HORTALIÇAS FOLHA, FLOR E HASTE",14-03-2023,./pdfs/CEASA-RJ_Boletim_diário_de_preços__14_03_2023.pdf
130,BRÓCOLIS COMUM,,"Mol 0,80 kg","-9,42",4.0,5.0,6.0,"4. HORTALIÇAS FOLHA, FLOR E HASTE",14-03-2023,./pdfs/CEASA-RJ_Boletim_diário_de_preços__14_03_2023.pdf
131,CATALONHA,,"Mol 0,2 kg",,0.0,0.0,0.0,"4. HORTALIÇAS FOLHA, FLOR E HASTE",14-03-2023,./pdfs/CEASA-RJ_Boletim_diário_de_preços__14_03_2023.pdf
132,CEBOLINHA,,"Mol 0,4 kg","33,33",3.0,4.0,4.0,"4. HORTALIÇAS FOLHA, FLOR E HASTE",14-03-2023,./pdfs/CEASA-RJ_Boletim_diário_de_preços__14_03_2023.pdf
133,CHEIRO VERDE,,"Ama 0,5 kg / 10 mol","150,00",10.0,15.0,16.0,"4. HORTALIÇAS FOLHA, FLOR E HASTE",14-03-2023,./pdfs/CEASA-RJ_Boletim_diário_de_preços__14_03_2023.pdf
134,CHICÓRIA,,Preg 6 kg/18 unid,"-27,68",12.0,15.0,18.0,"4. HORTALIÇAS FOLHA, FLOR E HASTE",14-03-2023,./pdfs/CEASA-RJ_Boletim_diário_de_preços__14_03_2023.pdf
135,COENTRO,,Ama 1 kg / 10 unid,"-51,69",8.0,10.0,15.0,"4. HORTALIÇAS FOLHA, FLOR E HASTE",14-03-2023,./pdfs/CEASA-RJ_Boletim_diário_de_preços__14_03_2023.pdf
136,COUVE BRUXELAS,,,"-46,67",6.0,8.0,10.0,"4. HORTALIÇAS FOLHA, FLOR E HASTE",14-03-2023,./pdfs/CEASA-RJ_Boletim_diário_de_preços__14_03_2023.pdf
137,COUVE COMUM,,Ama 1 kg / 10 unid,"42,86",8.0,10.0,12.0,"4. HORTALIÇAS FOLHA, FLOR E HASTE",14-03-2023,./pdfs/CEASA-RJ_Boletim_diário_de_preços__14_03_2023.pdf
138,COUVE-FLOR,GRANDE,2 kg,"-1,31",30.0,40.0,50.0,"4. HORTALIÇAS FOLHA, FLOR E HASTE",14-03-2023,./pdfs/CEASA-RJ_Boletim_diário_de_preços__14_03_2023.pdf
139,ENDÍVIA,,"0,5kg","200,00",20.0,30.0,40.0,"4. HORTALIÇAS FOLHA, FLOR E HASTE",14-03-2023,./pdfs/CEASA-RJ_Boletim_diário_de_preços__14_03_2023.pdf
140,ERVA-DOCE / FUNCHO,,Ama 6 kg/6 unid,,0.0,0.0,0.0,"4. HORTALIÇAS FOLHA, FLOR E HASTE",14-03-2023,./pdfs/CEASA-RJ_Boletim_diário_de_preços__14_03_2023.pdf
141,ESPINAFRE,,"Mol 0,5 kg","-32,43",1.5,2.0,2.0,"4. HORTALIÇAS FOLHA, FLOR E HASTE",14-03-2023,./pdfs/CEASA-RJ_Boletim_diário_de_preços__14_03_2023.pdf
142,HORTELÃ,,"Ama 0,200 kg / 10 mol","50,00",2.0,3.0,4.0,"4. HORTALIÇAS FOLHA, FLOR E HASTE",14-03-2023,./pdfs/CEASA-RJ_Boletim_diário_de_preços__14_03_2023.pdf
143,LOURO,,Ama 1 kg / 5 mol,"20,00",4.0,6.0,7.0,"4. HORTALIÇAS FOLHA, FLOR E HASTE",14-03-2023,./pdfs/CEASA-RJ_Boletim_diário_de_preços__14_03_2023.pdf
144,MANJERICÃO,,"Mol 0,3 kg","0,00",1.5,2.0,3.0,"4. HORTALIÇAS FOLHA, FLOR E HASTE",14-03-2023,./pdfs/CEASA-RJ_Boletim_diário_de_preços__14_03_2023.pdf
145,MOSTARDA,,Ama 1 kg,,1.0,1.0,1.5,"4. HORTALIÇAS FOLHA, FLOR E HASTE",14-03-2023,./pdfs/CEASA-RJ_Boletim_diário_de_preços__14_03_2023.pdf
146,MOYASHI,,"Pct 0,5 kg",,7.0,8.0,10.0,"4. HORTALIÇAS FOLHA, FLOR E HASTE",14-03-2023,./pdfs/CEASA-RJ_Boletim_diário_de_preços__14_03_2023.pdf
147,NIRÁ,,Mol 1 kg,,0.0,0.0,0.0,"4. HORTALIÇAS FOLHA, FLOR E HASTE",14-03-2023,./pdfs/CEASA-RJ_Boletim_diário_de_preços__14_03_2023.pdf
148,PALMITO,,Unid 4 kg,,0.0,0.0,0.0,"4. HORTALIÇAS FOLHA, FLOR E HASTE",14-03-2023,./pdfs/CEASA-RJ_Boletim_diário_de_preços__14_03_2023.pdf
149,REPOLHO ROXO,,Preg 15 kg,"0,00",45.0,50.0,60.0,"4. HORTALIÇAS FOLHA, FLOR E HASTE",14-03-2023,./pdfs/CEASA-RJ_Boletim_diário_de_preços__14_03_2023.pdf
150,REPOLHO VERDE,GRANDE,Preg 15 kg/12 unid,"-17,86",40.0,40.0,50.0,"4. HORTALIÇAS FOLHA, FLOR E HASTE",14-03-2023,./pdfs/CEASA-RJ_Boletim_diário_de_preços__14_03_2023.pdf
151,RÚCULA,,"Ama 0,5 kg / 5 mol","100,00",5.0,6.0,8.0,"4. HORTALIÇAS FOLHA, FLOR E HASTE",14-03-2023,./pdfs/CEASA-RJ_Boletim_diário_de_preços__14_03_2023.pdf
152,SALSA,,"Mol 0,45 kg","200,00",5.0,6.0,8.0,"4. HORTALIÇAS FOLHA, FLOR E HASTE",14-03-2023,./pdfs/CEASA-RJ_Boletim_diário_de_preços__14_03_2023.pdf
153,TAIOBA,,Mol 1 kg,,2.0,3.0,5.0,"4. HORTALIÇAS FOLHA, FLOR E HASTE",14-03-2023,./pdfs/CEASA-RJ_Boletim_diário_de_preços__14_03_2023.pdf
154,"5. HORTALIÇAS RAIZ, BULBO,
TUBÉRCULO E RIZOMA",,,,0.0,0.0,0.0,"4. HORTALIÇAS FOLHA, FLOR E HASTE",14-03-2023,./pdfs/CEASA-RJ_Boletim_diário_de_preços__14_03_2023.pdf
155,AIPIM,COMUM,Cx 20 kg,"15,47",50.0,60.0,70.0,"4. HORTALIÇAS FOLHA, FLOR E HASTE",14-03-2023,./pdfs/CEASA-RJ_Boletim_diário_de_preços__14_03_2023.pdf
156,ALHO IMPORTADO,BRANCO,Cx 10 kg,"-18,75",120.0,130.0,140.0,"4. HORTALIÇAS FOLHA, FLOR E HASTE",14-03-2023,./pdfs/CEASA-RJ_Boletim_diário_de_preços__14_03_2023.pdf
157,ALHO IMPORTADO,ROXO,Cx 10 kg,,0.0,0.0,0.0,"4. HORTALIÇAS FOLHA, FLOR E HASTE",14-03-2023,./pdfs/CEASA-RJ_Boletim_diário_de_preços__14_03_2023.pdf
158,ALHO NACIONAL,BRANCO,Cx 10 kg,,0.0,0.0,0.0,"4. HORTALIÇAS FOLHA, FLOR E HASTE",14-03-2023,./pdfs/CEASA-RJ_Boletim_diário_de_preços__14_03_2023.pdf
159,ALHO NACIONAL,ROXO,Cx 10 kg,"-26,19",110.0,120.0,130.0,"4. HORTALIÇAS FOLHA, FLOR E HASTE",14-03-2023,./pdfs/CEASA-RJ_Boletim_diário_de_preços__14_03_2023.pdf
160,BATATA ASTERIX,ESPECIAL,,"38,42",100.0,110.0,120.0,"4. HORTALIÇAS FOLHA, FLOR E HASTE",14-03-2023,./pdfs/CEASA-RJ_Boletim_diário_de_preços__14_03_2023.pdf
161,BATATA BAROA,EXTRA,Cx 16 kg,"-44,61",120.0,130.0,140.0,"4. HORTALIÇAS FOLHA, FLOR E HASTE",14-03-2023,./pdfs/CEASA-RJ_Boletim_diário_de_preços__14_03_2023.pdf
162,BATATA COMUM,ESPECIAL,Sc 25 kg,"-36,75",100.0,110.0,120.0,"4. HORTALIÇAS FOLHA, FLOR E HASTE",14-03-2023,./pdfs/CEASA-RJ_Boletim_diário_de_preços__14_03_2023.pdf
163,BATATA DOCE,EXTRA,Cx 20 kg,"-16,67",40.0,50.0,60.0,"4. HORTALIÇAS FOLHA, FLOR E HASTE",14-03-2023,./pdfs/CEASA-RJ_Boletim_diário_de_preços__14_03_2023.pdf
164,BATATA LISA,ESPECIAL,Sc 25 kg,"-75,00",60.0,65.0,75.0,"4. HORTALIÇAS FOLHA, FLOR E HASTE",14-03-2023,./pdfs/CEASA-RJ_Boletim_diário_de_preços__14_03_2023.pdf
165,BATATA YACON,,Cx 8 kg,"11,11",90.0,100.0,110.0,"4. HORTALIÇAS FOLHA, FLOR E HASTE",14-03-2023,./pdfs/CEASA-RJ_Boletim_diário_de_preços__14_03_2023.pdf
166,BETERRABA,EXTRA,Cx 20 kg,"-26,01",50.0,60.0,70.0,"4. HORTALIÇAS FOLHA, FLOR E HASTE",14-03-2023,./pdfs/CEASA-RJ_Boletim_diário_de_preços__14_03_2023.pdf
167,CARÁ,,Cx 20 kg,"128,57",150.0,160.0,170.0,"4. HORTALIÇAS FOLHA, FLOR E HASTE",14-03-2023,./pdfs/CEASA-RJ_Boletim_diário_de_preços__14_03_2023.pdf
168,CEBOLA IMPORTADA,BRANCA,Sc 20 kg,,0.0,0.0,0.0,"4. HORTALIÇAS FOLHA, FLOR E HASTE",14-03-2023,./pdfs/CEASA-RJ_Boletim_diário_de_preços__14_03_2023.pdf
169,CEBOLA IMPORTADA,ROXA,Sc 20 kg,,0.0,0.0,0.0,"4. HORTALIÇAS FOLHA, FLOR E HASTE",14-03-2023,./pdfs/CEASA-RJ_Boletim_diário_de_preços__14_03_2023.pdf
170,CEBOLA NACIONAL,BRANCA,Sc 20 kg,"3,75",50.0,60.0,70.0,"4. HORTALIÇAS FOLHA, FLOR E HASTE",14-03-2023,./pdfs/CEASA-RJ_Boletim_diário_de_preços__14_03_2023.pdf
171,CEBOLA NACIONAL,ROXA,Sc 20 kg,"-17,17",70.0,80.0,90.0,"4. HORTALIÇAS FOLHA, FLOR E HASTE",14-03-2023,./pdfs/CEASA-RJ_Boletim_diário_de_preços__14_03_2023.pdf
172,CENOURA,EXTRA A,Cx 20 kg,"-26,70",110.0,120.0,130.0,"4. HORTALIÇAS FOLHA, FLOR E HASTE",14-03-2023,./pdfs/CEASA-RJ_Boletim_diário_de_preços__14_03_2023.pdf
173,GENGIBRE,,Cx 15 kg,"33,33",70.0,80.0,90.0,"4. HORTALIÇAS FOLHA, FLOR E HASTE",14-03-2023,./pdfs/CEASA-RJ_Boletim_diário_de_preços__14_03_2023.pdf
174,INHAME CHINÊS,EXTRA,Cx 18 kg,"50,83",90.0,100.0,110.0,"4. HORTALIÇAS FOLHA, FLOR E HASTE",14-03-2023,./pdfs/CEASA-RJ_Boletim_diário_de_preços__14_03_2023.pdf
175,INHAME DE CABEÇA,,Sc 20 kg,"3,63",25.0,30.0,50.0,"4. HORTALIÇAS FOLHA, FLOR E HASTE",14-03-2023,./pdfs/CEASA-RJ_Boletim_diário_de_preços__14_03_2023.pdf
176,NABO,EXTRA,Cx 20 kg,"-57,14",25.0,30.0,35.0,"4. HORTALIÇAS FOLHA, FLOR E HASTE",14-03-2023,./pdfs/CEASA-RJ_Boletim_diário_de_preços__14_03_2023.pdf
177,RABANETE,,Mol 1 kg,,10.0,11.0,12.0,"4. HORTALIÇAS FOLHA, FLOR E HASTE",14-03-2023,./pdfs/CEASA-RJ_Boletim_diário_de_preços__14_03_2023.pdf
178,OVO BRANCO,EXTRA,Cx 30 dz,"33,33",190.0,200.0,210.0,6. OVOS,14-03-2023,./pdfs/CEASA-RJ_Boletim_diário_de_preços__14_03_2023.pdf
179,OVO VERMELHO,EXTRA,Cx 30 dz,"27,78",220.0,230.0,240.0,6. OVOS,14-03-2023,./pdfs/CEASA-RJ_Boletim_diário_de_preços__14_03_2023.pdf
180,OVOS DE CODORNA,,Cx 30 dz,"18,75",100.0,110.0,120.0,6. OVOS,14-03-2023,./pdfs/CEASA-RJ_Boletim_diário_de_preços__14_03_2023.pdf
181,ABRÓTEA,,kg,,7.0,7.0,10.0,7. PEIXE,14-03-2023,./pdfs/CEASA-RJ_Boletim_diário_de_preços__14_03_2023.pdf
182,ANCHOVA,,kg,,10.0,10.0,14.0,7. PEIXE,14-03-2023,./pdfs/CEASA-RJ_Boletim_diário_de_preços__14_03_2023.pdf
183,ATUM,,kg,,15.0,18.0,20.0,7. PEIXE,14-03-2023,./pdfs/CEASA-RJ_Boletim_diário_de_preços__14_03_2023.pdf
184,BADEJO,,kg,,50.0,50.0,60.0,7. PEIXE,14-03-2023,./pdfs/CEASA-RJ_Boletim_diário_de_preços__14_03_2023.pdf
185,BAGRE,,kg,,10.0,12.0,14.0,7. PEIXE,14-03-2023,./pdfs/CEASA-RJ_Boletim_diário_de_preços__14_03_2023.pdf
186,BATATA,,kg,,20.0,25.0,30.0,7. PEIXE,14-03-2023,./pdfs/CEASA-RJ_Boletim_diário_de_preços__14_03_2023.pdf
187,BONITO CACHORRO,,kg,,3.0,3.0,3.0,7. PEIXE,14-03-2023,./pdfs/CEASA-RJ_Boletim_diário_de_preços__14_03_2023.pdf
188,BONITO LISTRADO,,kg,,0.0,0.0,0.0,7. PEIXE,14-03-2023,./pdfs/CEASA-RJ_Boletim_diário_de_preços__14_03_2023.pdf
189,BONITO PINTADO,,kg,,3.0,3.0,4.0,7. PEIXE,14-03-2023,./pdfs/CEASA-RJ_Boletim_diário_de_preços__14_03_2023.pdf
190,CAÇÃO,,kg,,15.0,20.0,20.0,7. PEIXE,14-03-2023,./pdfs/CEASA-RJ_Boletim_diário_de_preços__14_03_2023.pdf
191,CAMARÃO 7 BARBAS,,kg,,0.0,0.0,0.0,7. PEIXE,14-03-2023,./pdfs/CEASA-RJ_Boletim_diário_de_preços__14_03_2023.pdf
192,CAMARÃO BARBA RUSSA,,kg,,0.0,0.0,0.0,7. PEIXE,14-03-2023,./pdfs/CEASA-RJ_Boletim_diário_de_preços__14_03_2023.pdf
193,CAMARÃO BRANCO,,kg,,0.0,0.0,0.0,7. PEIXE,14-03-2023,./pdfs/CEASA-RJ_Boletim_diário_de_preços__14_03_2023.pdf
194,CAMARÃO CINZA,,kg,,24.0,26.0,35.0,7. PEIXE,14-03-2023,./pdfs/CEASA-RJ_Boletim_diário_de_preços__14_03_2023.pdf
195,CAMARÃO PITU,,kg,,50.0,70.0,80.0,7. PEIXE,14-03-2023,./pdfs/CEASA-RJ_Boletim_diário_de_preços__14_03_2023.pdf
196,CAMARÃO PITU LAGOSTIM,,kg,,0.0,0.0,0.0,7. PEIXE,14-03-2023,./pdfs/CEASA-RJ_Boletim_diário_de_preços__14_03_2023.pdf
197,CAMARÃO ROSA,,kg,,70.0,70.0,80.0,7. PEIXE,14-03-2023,./pdfs/CEASA-RJ_Boletim_diário_de_preços__14_03_2023.pdf
198,CAMARÃO VG,,kg,,80.0,90.0,90.0,7. PEIXE,14-03-2023,./pdfs/CEASA-RJ_Boletim_diário_de_preços__14_03_2023.pdf
199,CASTANHA,,kg,,0.0,0.0,0.0,7. PEIXE,14-03-2023,./pdfs/CEASA-RJ_Boletim_diário_de_preços__14_03_2023.pdf
200,CAVALA,,kg,,18.0,20.0,20.0,7. PEIXE,14-03-2023,./pdfs/CEASA-RJ_Boletim_diário_de_preços__14_03_2023.pdf
201,CAVALINHA,,kg,,40.0,70.0,70.0,7. PEIXE,14-03-2023,./pdfs/CEASA-RJ_Boletim_diário_de_preços__14_03_2023.pdf
202,CAVAQUINHA,,kg,,0.0,0.0,0.0,7. PEIXE,14-03-2023,./pdfs/CEASA-RJ_Boletim_diário_de_preços__14_03_2023.pdf
203,CHERNE,,kg,,50.0,50.0,60.0,7. PEIXE,14-03-2023,./pdfs/CEASA-RJ_Boletim_diário_de_preços__14_03_2023.pdf
204,CIOBA,,kg,,0.0,0.0,0.0,7. PEIXE,14-03-2023,./pdfs/CEASA-RJ_Boletim_diário_de_preços__14_03_2023.pdf
205,CONGRO ROSA,,kg,,0.0,0.0,0.0,7. PEIXE,14-03-2023,./pdfs/CEASA-RJ_Boletim_diário_de_preços__14_03_2023.pdf
206,CORVINA,,kg,,10.0,15.0,20.0,7. PEIXE,14-03-2023,./pdfs/CEASA-RJ_Boletim_diário_de_preços__14_03_2023.pdf
207,CURUMATÃ,,kg,,0.0,0.0,0.0,7. PEIXE,14-03-2023,./pdfs/CEASA-RJ_Boletim_diário_de_preços__14_03_2023.pdf
208,DOURADO,,kg,,20.0,25.0,28.0,7. PEIXE,14-03-2023,./pdfs/CEASA-RJ_Boletim_diário_de_preços__14_03_2023.pdf
209,ESPADA,,kg,,14.0,15.0,16.0,7. PEIXE,14-03-2023,./pdfs/CEASA-RJ_Boletim_diário_de_preços__14_03_2023.pdf
210,GALO,,kg,,0.0,0.0,0.0,7. PEIXE,14-03-2023,./pdfs/CEASA-RJ_Boletim_diário_de_preços__14_03_2023.pdf
211,GAROUPA,,kg,,35.0,40.0,40.0,7. PEIXE,14-03-2023,./pdfs/CEASA-RJ_Boletim_diário_de_preços__14_03_2023.pdf
212,GOETE,,kg,,0.0,0.0,0.0,7. PEIXE,14-03-2023,./pdfs/CEASA-RJ_Boletim_diário_de_preços__14_03_2023.pdf
213,LINGUADO,,kg,,25.0,30.0,45.0,7. PEIXE,14-03-2023,./pdfs/CEASA-RJ_Boletim_diário_de_preços__14_03_2023.pdf
214,LULA,,kg,,20.0,35.0,45.0,7. PEIXE,14-03-2023,./pdfs/CEASA-RJ_Boletim_diário_de_preços__14_03_2023.pdf
215,MANJUBINHA,,kg,,8.0,10.0,10.0,7. PEIXE,14-03-2023,./pdfs/CEASA-RJ_Boletim_diário_de_preços__14_03_2023.pdf
216,MARIA MOLE,,kg,,7.0,8.0,10.0,7. PEIXE,14-03-2023,./pdfs/CEASA-RJ_Boletim_diário_de_preços__14_03_2023.pdf
217,MARMOTA (MERLUZA),,kg,,0.0,0.0,0.0,7. PEIXE,14-03-2023,./pdfs/CEASA-RJ_Boletim_diário_de_preços__14_03_2023.pdf
218,MISTURA,,kg,,0.0,0.0,0.0,7. PEIXE,14-03-2023,./pdfs/CEASA-RJ_Boletim_diário_de_preços__14_03_2023.pdf
219,NAMORADO,,kg,,20.0,30.0,35.0,7. PEIXE,14-03-2023,./pdfs/CEASA-RJ_Boletim_diário_de_preços__14_03_2023.pdf
220,OLHO DE CÃO,,kg,,15.0,20.0,30.0,7. PEIXE,14-03-2023,./pdfs/CEASA-RJ_Boletim_diário_de_preços__14_03_2023.pdf
221,PARATI,,kg,,0.0,0.0,0.0,7. PEIXE,14-03-2023,./pdfs/CEASA-RJ_Boletim_diário_de_preços__14_03_2023.pdf
222,PARGO,,kg,,15.0,20.0,25.0,7. PEIXE,14-03-2023,./pdfs/CEASA-RJ_Boletim_diário_de_preços__14_03_2023.pdf
223,PEROÁ,,kg,,3.0,4.0,4.0,7. PEIXE,14-03-2023,./pdfs/CEASA-RJ_Boletim_diário_de_preços__14_03_2023.pdf
224,PESCADA AMARELA,,kg,,35.0,40.0,45.0,7. PEIXE,14-03-2023,./pdfs/CEASA-RJ_Boletim_diário_de_preços__14_03_2023.pdf
225,PESCADA BANANA,,kg,,0.0,0.0,0.0,7. PEIXE,14-03-2023,./pdfs/CEASA-RJ_Boletim_diário_de_preços__14_03_2023.pdf
226,PESCADA CAMBUÇU,,kg,,20.0,25.0,30.0,7. PEIXE,14-03-2023,./pdfs/CEASA-RJ_Boletim_diário_de_preços__14_03_2023.pdf
227,PESCADA PERNA DE MOÇA,,kg,,25.0,30.0,35.0,7. PEIXE,14-03-2023,./pdfs/CEASA-RJ_Boletim_diário_de_preços__14_03_2023.pdf
228,PESCADINHA,,kg,,15.0,18.0,20.0,7. PEIXE,14-03-2023,./pdfs/CEASA-RJ_Boletim_diário_de_preços__14_03_2023.pdf
229,POLVO,,kg,,45.0,55.0,65.0,7. PEIXE,14-03-2023,./pdfs/CEASA-RJ_Boletim_diário_de_preços__14_03_2023.pdf
230,RAIA,,kg,,4.0,5.0,5.0,7. PEIXE,14-03-2023,./pdfs/CEASA-RJ_Boletim_diário_de_preços__14_03_2023.pdf
231,ROBALO,,kg,,55.0,60.0,65.0,7. PEIXE,14-03-2023,./pdfs/CEASA-RJ_Boletim_diário_de_preços__14_03_2023.pdf
232,SAPO INTEIRO,,kg,,8.0,10.0,12.0,7. PEIXE,14-03-2023,./pdfs/CEASA-RJ_Boletim_diário_de_preços__14_03_2023.pdf
233,SAPO SEM CABEÇA,,kg,,13.0,15.0,18.0,7. PEIXE,14-03-2023,./pdfs/CEASA-RJ_Boletim_diário_de_preços__14_03_2023.pdf
234,SARDA,,kg,,0.0,0.0,0.0,7. PEIXE,14-03-2023,./pdfs/CEASA-RJ_Boletim_diário_de_preços__14_03_2023.pdf
235,SARDINHA BOCA TORTA,,kg,,0.0,0.0,0.0,7. PEIXE,14-03-2023,./pdfs/CEASA-RJ_Boletim_diário_de_preços__14_03_2023.pdf
236,SARDINHA LAGE,,kg,,5.0,6.0,8.0,7. PEIXE,14-03-2023,./pdfs/CEASA-RJ_Boletim_diário_de_preços__14_03_2023.pdf
237,SARDINHA VERDADEIRA,,kg,,8.0,10.0,12.0,7. PEIXE,14-03-2023,./pdfs/CEASA-RJ_Boletim_diário_de_preços__14_03_2023.pdf
238,SAVELHA,,kg,,0.0,0.0,0.0,7. PEIXE,14-03-2023,./pdfs/CEASA-RJ_Boletim_diário_de_preços__14_03_2023.pdf
239,SOROROCA,,kg,,16.0,16.0,18.0,7. PEIXE,14-03-2023,./pdfs/CEASA-RJ_Boletim_diário_de_preços__14_03_2023.pdf
240,TAINHA,,kg,,13.0,15.0,16.0,7. PEIXE,14-03-2023,./pdfs/CEASA-RJ_Boletim_diário_de_preços__14_03_2023.pdf
241,TILÁPIA,,kg,,10.0,12.0,12.0,7. PEIXE,14-03-2023,./pdfs/CEASA-RJ_Boletim_diário_de_preços__14_03_2023.pdf
242,TIRA-VIRA,,kg,,9.0,9.0,10.0,7. PEIXE,14-03-2023,./pdfs/CEASA-RJ_Boletim_diário_de_preços__14_03_2023.pdf
243,TRAÍRA,,kg,,0.0,0.0,0.0,7. PEIXE,14-03-2023,./pdfs/CEASA-RJ_Boletim_diário_de_preços__14_03_2023.pdf
244,TRILHA,,kg,,12.0,12.0,15.0,7. PEIXE,14-03-2023,./pdfs/CEASA-RJ_Boletim_diário_de_preços__14_03_2023.pdf
245,VIOLA,,kg,,0.0,0.0,0.0,7. PEIXE,14-03-2023,./pdfs/CEASA-RJ_Boletim_diário_de_preços__14_03_2023.pdf
246,XARÉU,,kg,,8.0,8.0,10.0,7. PEIXE,14-03-2023,./pdfs/CEASA-RJ_Boletim_diário_de_preços__14_03_2023.pdf
247,XERELETE,,kg,,8.0,11.0,13.0,7. PEIXE,14-03-2023,./pdfs/CEASA-RJ_Boletim_diário_de_preços__14_03_2023.pdf
0,ABACATE,,Cx 20 kg,"-57,14",50.0,60.0,70.0,1. FRUTAS NACIONAIS,13-03-2023,./pdfs/CEASA-RJ_Boletim_diário_de_preços__13_03_2023.pdf
1,ABACAXI ANANÁS,GRANDE,"Unid 2,5 kg",,0.0,0.0,0.0,1. FRUTAS NACIONAIS,13-03-2023,./pdfs/CEASA-RJ_Boletim_diário_de_preços__13_03_2023.pdf
2,ABACAXI PÉROLA,MÉDIO,"Unid 2,0 kg","40,00",6.0,7.0,8.0,1. FRUTAS NACIONAIS,13-03-2023,./pdfs/CEASA-RJ_Boletim_diário_de_preços__13_03_2023.pdf
3,AMEIXA NACIONAL,,Cx 5 kg,"44,44",60.0,65.0,75.0,1. FRUTAS NACIONAIS,13-03-2023,./pdfs/CEASA-RJ_Boletim_diário_de_preços__13_03_2023.pdf
4,AMORA,,"Cx 1 kg / 4 band 0,25 kg","-37,50",40.0,50.0,60.0,1. FRUTAS NACIONAIS,13-03-2023,./pdfs/CEASA-RJ_Boletim_diário_de_preços__13_03_2023.pdf
5,ATEMÓIA,,Cx 3 kg,"37,50",50.0,55.0,60.0,1. FRUTAS NACIONAIS,13-03-2023,./pdfs/CEASA-RJ_Boletim_diário_de_preços__13_03_2023.pdf
6,BANANA DA TERRA,,Cx 20 kg,"71,43",110.0,120.0,130.0,1. FRUTAS NACIONAIS,13-03-2023,./pdfs/CEASA-RJ_Boletim_diário_de_preços__13_03_2023.pdf
7,BANANA FIGO,,Cx 2 kg,,0.0,0.0,0.0,1. FRUTAS NACIONAIS,13-03-2023,./pdfs/CEASA-RJ_Boletim_diário_de_preços__13_03_2023.pdf
8,BANANA MAÇÃ,EXTRA,Cx 20 kg,"0,00",90.0,100.0,110.0,1. FRUTAS NACIONAIS,13-03-2023,./pdfs/CEASA-RJ_Boletim_diário_de_preços__13_03_2023.pdf
9,BANANA NANICA/D’ÁGUA,EXTRA,Cx 20 kg,"0,37",50.0,60.0,65.0,1. FRUTAS NACIONAIS,13-03-2023,./pdfs/CEASA-RJ_Boletim_diário_de_preços__13_03_2023.pdf
10,BANANA OURO,,Cx 20 kg,"20,73",80.0,100.0,12.0,1. FRUTAS NACIONAIS,13-03-2023,./pdfs/CEASA-RJ_Boletim_diário_de_preços__13_03_2023.pdf
11,BANANA PACOVAN,,Cx 20 kg,,0.0,0.0,0.0,1. FRUTAS NACIONAIS,13-03-2023,./pdfs/CEASA-RJ_Boletim_diário_de_preços__13_03_2023.pdf
12,BANANA PRATA,EXTRA,Cx 20 kg,"0,00",80.0,90.0,100.0,1. FRUTAS NACIONAIS,13-03-2023,./pdfs/CEASA-RJ_Boletim_diário_de_preços__13_03_2023.pdf
13,CAJÁ,,Cx 20 kg,,0.0,0.0,0.0,1. FRUTAS NACIONAIS,13-03-2023,./pdfs/CEASA-RJ_Boletim_diário_de_preços__13_03_2023.pdf
14,CAJÚ,,"Cx 1,6 kg","0,00",30.0,45.0,50.0,1. FRUTAS NACIONAIS,13-03-2023,./pdfs/CEASA-RJ_Boletim_diário_de_preços__13_03_2023.pdf
15,CAQUI FUYU,,"Cx 2,0 kg","-25,00",20.0,30.0,40.0,1. FRUTAS NACIONAIS,13-03-2023,./pdfs/CEASA-RJ_Boletim_diário_de_preços__13_03_2023.pdf
16,CAQUI RAMA FORTE,A,Cx 8 kg,"-7,54",30.0,40.0,60.0,1. FRUTAS NACIONAIS,13-03-2023,./pdfs/CEASA-RJ_Boletim_diário_de_preços__13_03_2023.pdf
17,CARAMBOLA,,"Cx 2,0 kg","-16,67",20.0,25.0,35.0,1. FRUTAS NACIONAIS,13-03-2023,./pdfs/CEASA-RJ_Boletim_diário_de_preços__13_03_2023.pdf
18,COCO SECO,,SC 30 KG,"40,00",130.0,140.0,160.0,1. FRUTAS NACIONAIS,13-03-2023,./pdfs/CEASA-RJ_Boletim_diário_de_preços__13_03_2023.pdf
19,COCO VERDE,,Unid,"38,89",2.0,2.5,3.5,1. FRUTAS NACIONAIS,13-03-2023,./pdfs/CEASA-RJ_Boletim_diário_de_preços__13_03_2023.pdf
20,FIGO VERDE,TIPO 8,"Cx 1,0 kg","-16,67",20.0,25.0,30.0,1. FRUTAS NACIONAIS,13-03-2023,./pdfs/CEASA-RJ_Boletim_diário_de_preços__13_03_2023.pdf
21,FRUTA DE CONDE/PINHA,TIPO 4,"Cx 1 kg / 4 band 0,25 kg","0,00",8.0,10.0,12.0,1. FRUTAS NACIONAIS,13-03-2023,./pdfs/CEASA-RJ_Boletim_diário_de_preços__13_03_2023.pdf
22,GOIABA VERMELHA,TIPO 12,"Cx 2,0 kg","20,00",15.0,18.0,22.0,1. FRUTAS NACIONAIS,13-03-2023,./pdfs/CEASA-RJ_Boletim_diário_de_preços__13_03_2023.pdf
23,GRAVIOLA,,"Cx 7,0 kg","0,00",50.0,60.0,70.0,1. FRUTAS NACIONAIS,13-03-2023,./pdfs/CEASA-RJ_Boletim_diário_de_preços__13_03_2023.pdf
24,JABOTICABA,,"Cx 3,0 kg","-25,00",20.0,30.0,40.0,1. FRUTAS NACIONAIS,13-03-2023,./pdfs/CEASA-RJ_Boletim_diário_de_preços__13_03_2023.pdf
25,KIWI NACIONAL,,Cx 8 kg,"30,77",160.0,170.0,180.0,1. FRUTAS NACIONAIS,13-03-2023,./pdfs/CEASA-RJ_Boletim_diário_de_preços__13_03_2023.pdf
26,LARANJA BAHIA,GRANDE,Cx 18 kg,"-11,11",60.0,80.0,100.0,1. FRUTAS NACIONAIS,13-03-2023,./pdfs/CEASA-RJ_Boletim_diário_de_preços__13_03_2023.pdf
27,LARANJA LIMA,,Cx 18 kg,"14,29",70.0,80.0,100.0,1. FRUTAS NACIONAIS,13-03-2023,./pdfs/CEASA-RJ_Boletim_diário_de_preços__13_03_2023.pdf
28,LARANJA NATAL,GRANDE,Cx 23 kg,"-1,30",50.0,60.0,70.0,1. FRUTAS NACIONAIS,13-03-2023,./pdfs/CEASA-RJ_Boletim_diário_de_preços__13_03_2023.pdf
29,LARANJA PÊRA,GRANDE,Cx 20 kg,"18,13",50.0,60.0,70.0,1. FRUTAS NACIONAIS,13-03-2023,./pdfs/CEASA-RJ_Boletim_diário_de_preços__13_03_2023.pdf
30,LARANJA SELETA,GRANDE,Cx 20 kg,"0,00",65.0,70.0,75.0,1. FRUTAS NACIONAIS,13-03-2023,./pdfs/CEASA-RJ_Boletim_diário_de_preços__13_03_2023.pdf
31,LARANJA VALENCIA,GRANDE,Cx 22 kg,"-10,38",40.0,50.0,60.0,1. FRUTAS NACIONAIS,13-03-2023,./pdfs/CEASA-RJ_Boletim_diário_de_preços__13_03_2023.pdf
32,LIMA DA PÉRSIA,,Cx 20 kg,"-11,11",70.0,80.0,100.0,1. FRUTAS NACIONAIS,13-03-2023,./pdfs/CEASA-RJ_Boletim_diário_de_preços__13_03_2023.pdf
33,LIMÃO SICILIANO NACIONAL,,Cx 15 kg,"-15,38",90.0,110.0,130.0,1. FRUTAS NACIONAIS,13-03-2023,./pdfs/CEASA-RJ_Boletim_diário_de_preços__13_03_2023.pdf
34,LIMÃO TAITI,,Cx 20 kg,"-16,67",40.0,50.0,60.0,1. FRUTAS NACIONAIS,13-03-2023,./pdfs/CEASA-RJ_Boletim_diário_de_preços__13_03_2023.pdf
35,LISCHIA,,Cx 4 kg,,0.0,0.0,0.0,1. FRUTAS NACIONAIS,13-03-2023,./pdfs/CEASA-RJ_Boletim_diário_de_preços__13_03_2023.pdf
36,MAÇÃ NACIONAL,FUJI,Cx 18 kg,"50,00",140.0,150.0,180.0,1. FRUTAS NACIONAIS,13-03-2023,./pdfs/CEASA-RJ_Boletim_diário_de_preços__13_03_2023.pdf
37,MAÇÃ NACIONAL,GALA,Cx 18 kg,"25,00",80.0,100.0,120.0,1. FRUTAS NACIONAIS,13-03-2023,./pdfs/CEASA-RJ_Boletim_diário_de_preços__13_03_2023.pdf
38,MAMÃO FORMOSA,,Cx 15 kg,"83,33",100.0,110.0,140.0,1. FRUTAS NACIONAIS,13-03-2023,./pdfs/CEASA-RJ_Boletim_diário_de_preços__13_03_2023.pdf
39,MAMÃO PAPAYA/ HAVAI,,Cx 10 kg,"33,33",70.0,80.0,100.0,1. FRUTAS NACIONAIS,13-03-2023,./pdfs/CEASA-RJ_Boletim_diário_de_preços__13_03_2023.pdf
40,MANGA,ESPADA,Cx 15 kg,,0.0,0.0,0.0,1. FRUTAS NACIONAIS,13-03-2023,./pdfs/CEASA-RJ_Boletim_diário_de_preços__13_03_2023.pdf
41,MANGA,PALMER,Cx 18 kg,"38,86",70.0,80.0,90.0,1. FRUTAS NACIONAIS,13-03-2023,./pdfs/CEASA-RJ_Boletim_diário_de_preços__13_03_2023.pdf
42,MANGA TOMMY ATKINS,,Cx 18 kg,"44,20",80.0,100.0,110.0,1. FRUTAS NACIONAIS,13-03-2023,./pdfs/CEASA-RJ_Boletim_diário_de_preços__13_03_2023.pdf
43,MANGA TOMMY ATKINS,,Cx 5 kg,"50,00",20.0,30.0,35.0,1. FRUTAS NACIONAIS,13-03-2023,./pdfs/CEASA-RJ_Boletim_diário_de_preços__13_03_2023.pdf
44,MARACUJÁ,,Cx 10 kg,"33,33",70.0,80.0,90.0,1. FRUTAS NACIONAIS,13-03-2023,./pdfs/CEASA-RJ_Boletim_diário_de_preços__13_03_2023.pdf
45,MELANCIA,GRANDE,kg,"38,89",2.0,2.5,3.0,1. FRUTAS NACIONAIS,13-03-2023,./pdfs/CEASA-RJ_Boletim_diário_de_preços__13_03_2023.pdf
46,MELÃO AMARELO,TIPO 5,Cx 13 kg,"-21,81",50.0,60.0,70.0,1. FRUTAS NACIONAIS,13-03-2023,./pdfs/CEASA-RJ_Boletim_diário_de_preços__13_03_2023.pdf
47,MELÃO DE REDE,TIPO 4,Cx 10 kg,"23,38",70.0,75.0,80.0,1. FRUTAS NACIONAIS,13-03-2023,./pdfs/CEASA-RJ_Boletim_diário_de_preços__13_03_2023.pdf
48,MELÃO PELE DE SAPO,TIPO 4,Cx 13 kg,"-5,00",40.0,50.0,55.0,1. FRUTAS NACIONAIS,13-03-2023,./pdfs/CEASA-RJ_Boletim_diário_de_preços__13_03_2023.pdf
49,MORANGO,EXTRA,"Cx 1,2 kg / 4 cambucas","20,00",15.0,18.0,20.0,1. FRUTAS NACIONAIS,13-03-2023,./pdfs/CEASA-RJ_Boletim_diário_de_preços__13_03_2023.pdf
50,NECTARINA NACIONAL,,,"33,33",70.0,80.0,90.0,1. FRUTAS NACIONAIS,13-03-2023,./pdfs/CEASA-RJ_Boletim_diário_de_preços__13_03_2023.pdf
51,PÊSSEGO NACIONAL,,Cx 6 kg,,0.0,0.0,0.0,1. FRUTAS NACIONAIS,13-03-2023,./pdfs/CEASA-RJ_Boletim_diário_de_preços__13_03_2023.pdf
52,PITAYA,,Cx 4 kg,,55.0,60.0,65.0,1. FRUTAS NACIONAIS,13-03-2023,./pdfs/CEASA-RJ_Boletim_diário_de_preços__13_03_2023.pdf
53,ROMÃ,,Cx 2 kg,"57,14",100.0,110.0,115.0,1. FRUTAS NACIONAIS,13-03-2023,./pdfs/CEASA-RJ_Boletim_diário_de_preços__13_03_2023.pdf
54,SAPUTI,,Cx 3 kg,,40.0,60.0,80.0,1. FRUTAS NACIONAIS,13-03-2023,./pdfs/CEASA-RJ_Boletim_diário_de_preços__13_03_2023.pdf
55,SERIGUELA,,Cx 1 kg,"0,00",25.0,30.0,40.0,1. FRUTAS NACIONAIS,13-03-2023,./pdfs/CEASA-RJ_Boletim_diário_de_preços__13_03_2023.pdf
56,TAMARINDO,,Cx 2 kg,"0,00",25.0,30.0,40.0,1. FRUTAS NACIONAIS,13-03-2023,./pdfs/CEASA-RJ_Boletim_diário_de_preços__13_03_2023.pdf
57,TANGERINA COMUM / RIO,EXTRA,Cx 10 kg,"-26,67",50.0,55.0,65.0,1. FRUTAS NACIONAIS,13-03-2023,./pdfs/CEASA-RJ_Boletim_diário_de_preços__13_03_2023.pdf
58,TANGERINA MURCOTT,EXTRA,Cx 9 kg,,0.0,0.0,0.0,1. FRUTAS NACIONAIS,13-03-2023,./pdfs/CEASA-RJ_Boletim_diário_de_preços__13_03_2023.pdf
59,TANGERINA PONKAN,EXTRA,Cx 9 kg,"100,00",80.0,90.0,110.0,1. FRUTAS NACIONAIS,13-03-2023,./pdfs/CEASA-RJ_Boletim_diário_de_preços__13_03_2023.pdf
60,UVA BENITAKA,EXTRA,Cx 10 kg,"20,00",50.0,60.0,70.0,1. FRUTAS NACIONAIS,13-03-2023,./pdfs/CEASA-RJ_Boletim_diário_de_preços__13_03_2023.pdf
61,UVA ITALIA,EXTRA,Cx 10 kg,"30,65",60.0,65.0,70.0,1. FRUTAS NACIONAIS,13-03-2023,./pdfs/CEASA-RJ_Boletim_diário_de_preços__13_03_2023.pdf
62,UVA RED GLOBE NACIONAL,,Cx 10 kg,"-33,33",50.0,60.0,70.0,1. FRUTAS NACIONAIS,13-03-2023,./pdfs/CEASA-RJ_Boletim_diário_de_preços__13_03_2023.pdf
63,UVA ROSADA/NIAGARA,EXTRA,Cx 8 kg,"4,05",40.0,45.0,50.0,1. FRUTAS NACIONAIS,13-03-2023,./pdfs/CEASA-RJ_Boletim_diário_de_preços__13_03_2023.pdf
64,UVA RUBI,EXTRA,Cx 10 kg,"21,21",55.0,60.0,65.0,1. FRUTAS NACIONAIS,13-03-2023,./pdfs/CEASA-RJ_Boletim_diário_de_preços__13_03_2023.pdf
65,UVA THOMPSON NACIONAL,,,"9,09",110.0,120.0,130.0,1. FRUTAS NACIONAIS,13-03-2023,./pdfs/CEASA-RJ_Boletim_diário_de_preços__13_03_2023.pdf
66,UVA VITÓRIA,,Cx 8 kg,,80.0,85.0,90.0,1. FRUTAS NACIONAIS,13-03-2023,./pdfs/CEASA-RJ_Boletim_diário_de_preços__13_03_2023.pdf
67,AMEIXA IMPORTADA,,Cx 5 kg,"-3,69",100.0,110.0,130.0,2. FRUTAS IMPORTADAS,13-03-2023,./pdfs/CEASA-RJ_Boletim_diário_de_preços__13_03_2023.pdf
68,CEREJA IMPORTADA,,Cx 5 kg,,0.0,0.0,0.0,2. FRUTAS IMPORTADAS,13-03-2023,./pdfs/CEASA-RJ_Boletim_diário_de_preços__13_03_2023.pdf
69,DAMASCO IMPORTDAO,,Cx 8 kg,,0.0,0.0,0.0,2. FRUTAS IMPORTADAS,13-03-2023,./pdfs/CEASA-RJ_Boletim_diário_de_preços__13_03_2023.pdf
70,KIWI IMPORTADO,,Cx 10 kg,"30,77",160.0,170.0,190.0,2. FRUTAS IMPORTADAS,13-03-2023,./pdfs/CEASA-RJ_Boletim_diário_de_preços__13_03_2023.pdf
71,LARANJA KINKAN IMPORTADA,,"Cx 2,0 kg / 4 band 0,5 kg","40,00",60.0,70.0,90.0,2. FRUTAS IMPORTADAS,13-03-2023,./pdfs/CEASA-RJ_Boletim_diário_de_preços__13_03_2023.pdf
72,LIMÃO SICILIANO IMPORTADO,,Cx 15 kg,"0,00",100.0,110.0,130.0,2. FRUTAS IMPORTADAS,13-03-2023,./pdfs/CEASA-RJ_Boletim_diário_de_preços__13_03_2023.pdf
73,MAÇÃ IMPORTADA,GALA,Cx 18 kg,,140.0,150.0,180.0,2. FRUTAS IMPORTADAS,13-03-2023,./pdfs/CEASA-RJ_Boletim_diário_de_preços__13_03_2023.pdf
74,MAÇÃ IMPORTADA,FUJI,Cx 18 kg,,190.0,200.0,210.0,2. FRUTAS IMPORTADAS,13-03-2023,./pdfs/CEASA-RJ_Boletim_diário_de_preços__13_03_2023.pdf
75,MAÇÃ IMPORTADA,RED DELICIOUS,Cx 18 kg,"35,18",200.0,220.0,240.0,2. FRUTAS IMPORTADAS,13-03-2023,./pdfs/CEASA-RJ_Boletim_diário_de_preços__13_03_2023.pdf
76,MAÇÃ IMPORTDA,GRAND SMITH,Cx 18 kg,"0,00",170.0,190.0,210.0,2. FRUTAS IMPORTADAS,13-03-2023,./pdfs/CEASA-RJ_Boletim_diário_de_preços__13_03_2023.pdf
77,NECTARINA IMPORTADA,,Cx 10 kg,"-21,18",70.0,80.0,100.0,2. FRUTAS IMPORTADAS,13-03-2023,./pdfs/CEASA-RJ_Boletim_diário_de_preços__13_03_2023.pdf
78,PÊRA IMPORTADA,D´ANJOUR,Cx 10 kg,"-51,07",70.0,80.0,90.0,2. FRUTAS IMPORTADAS,13-03-2023,./pdfs/CEASA-RJ_Boletim_diário_de_preços__13_03_2023.pdf
79,PÊRA IMPORTADA,PACCK TRIUNPH,Cx 20 kg,,100.0,120.0,150.0,2. FRUTAS IMPORTADAS,13-03-2023,./pdfs/CEASA-RJ_Boletim_diário_de_preços__13_03_2023.pdf
80,PÊRA IMPORTADA,PORTUGUESA,Cx 10 kg,"18,18",120.0,130.0,150.0,2. FRUTAS IMPORTADAS,13-03-2023,./pdfs/CEASA-RJ_Boletim_diário_de_preços__13_03_2023.pdf
81,PÊRA IMPORTADA,WILLIANS,Cx 18 kg,"-14,47",120.0,130.0,140.0,2. FRUTAS IMPORTADAS,13-03-2023,./pdfs/CEASA-RJ_Boletim_diário_de_preços__13_03_2023.pdf
82,PÊRA IMPORTADA,WINTERBARLETT,Cx 20 kg,,0.0,0.0,0.0,2. FRUTAS IMPORTADAS,13-03-2023,./pdfs/CEASA-RJ_Boletim_diário_de_preços__13_03_2023.pdf
83,PÊSSEGO IMPORTADO,,Cx 6 kg,"-16,67",90.0,100.0,120.0,2. FRUTAS IMPORTADAS,13-03-2023,./pdfs/CEASA-RJ_Boletim_diário_de_preços__13_03_2023.pdf
84,PITAYA IMPORTADA,,Cx 4 kg,,0.0,0.0,0.0,2. FRUTAS IMPORTADAS,13-03-2023,./pdfs/CEASA-RJ_Boletim_diário_de_preços__13_03_2023.pdf
85,UVA RED GLOBE IMPORTADA,EXTRA,Cx 10 kg,"-11,11",70.0,80.0,90.0,2. FRUTAS IMPORTADAS,13-03-2023,./pdfs/CEASA-RJ_Boletim_diário_de_preços__13_03_2023.pdf
86,UVA THOMPSON IMPORTADA,EXTRA,Cx 10 kg,"9,09",110.0,120.0,130.0,2. FRUTAS IMPORTADAS,13-03-2023,./pdfs/CEASA-RJ_Boletim_diário_de_preços__13_03_2023.pdf
87,ABÓBORA,BAIANA,kg,"25,00",2.2,2.5,3.0,3. HORTALIÇAS FRUTO,13-03-2023,./pdfs/CEASA-RJ_Boletim_diário_de_preços__13_03_2023.pdf
88,ABÓBORA,BRANCA,kg,"0,00",1.8,2.0,2.5,3. HORTALIÇAS FRUTO,13-03-2023,./pdfs/CEASA-RJ_Boletim_diário_de_preços__13_03_2023.pdf
89,ABÓBORA,JAPONESA,kg,"20,00",2.7,3.0,3.5,3. HORTALIÇAS FRUTO,13-03-2023,./pdfs/CEASA-RJ_Boletim_diário_de_preços__13_03_2023.pdf
90,ABÓBORA,PESCOÇO,kg,"25,00",2.2,2.5,3.0,3. HORTALIÇAS FRUTO,13-03-2023,./pdfs/CEASA-RJ_Boletim_diário_de_preços__13_03_2023.pdf
91,ABÓBORA,SERGIPANA,kg,"20,00",2.3,3.0,3.0,3. HORTALIÇAS FRUTO,13-03-2023,./pdfs/CEASA-RJ_Boletim_diário_de_preços__13_03_2023.pdf
92,ABÓBORA MORANGA BABY,,,,50.0,60.0,70.0,3. HORTALIÇAS FRUTO,13-03-2023,./pdfs/CEASA-RJ_Boletim_diário_de_preços__13_03_2023.pdf
93,ABÓBORA MORANGA HÍBRIDA,,kg,,2.5,3.0,3.5,3. HORTALIÇAS FRUTO,13-03-2023,./pdfs/CEASA-RJ_Boletim_diário_de_preços__13_03_2023.pdf
94,ABOBRINHA ITALIANA,EXTRA,Cx 18 kg,"-3,83",40.0,60.0,70.0,3. HORTALIÇAS FRUTO,13-03-2023,./pdfs/CEASA-RJ_Boletim_diário_de_preços__13_03_2023.pdf
95,ABOBRINHA MENINA,EXTRA,Cx 18 kg,"-29,89",40.0,50.0,60.0,3. HORTALIÇAS FRUTO,13-03-2023,./pdfs/CEASA-RJ_Boletim_diário_de_preços__13_03_2023.pdf
96,BERINJELA,EXTRA,Cx 10 kg,"-41,77",20.0,30.0,40.0,3. HORTALIÇAS FRUTO,13-03-2023,./pdfs/CEASA-RJ_Boletim_diário_de_preços__13_03_2023.pdf
97,CHUCHU,EXTRA,Cx 18 kg,"-17,86",30.0,40.0,45.0,3. HORTALIÇAS FRUTO,13-03-2023,./pdfs/CEASA-RJ_Boletim_diário_de_preços__13_03_2023.pdf
98,ERVILHA VAGEM,EXTRA,Cx 8 kg,,0.0,0.0,0.0,3. HORTALIÇAS FRUTO,13-03-2023,./pdfs/CEASA-RJ_Boletim_diário_de_preços__13_03_2023.pdf
99,FEIJÃO DE CORDA,,Cx 10 kg,,0.0,0.0,0.0,3. HORTALIÇAS FRUTO,13-03-2023,./pdfs/CEASA-RJ_Boletim_diário_de_preços__13_03_2023.pdf
100,JILÓ,EXTRA,Cx 15 kg,"5,92",60.0,70.0,80.0,3. HORTALIÇAS FRUTO,13-03-2023,./pdfs/CEASA-RJ_Boletim_diário_de_preços__13_03_2023.pdf
101,MAXIXE,,Cx 10 kg,"36,45",60.0,70.0,80.0,3. HORTALIÇAS FRUTO,13-03-2023,./pdfs/CEASA-RJ_Boletim_diário_de_preços__13_03_2023.pdf
102,MILHO VERDE,,Sc 15 kg,"0,00",20.0,30.0,30.0,3. HORTALIÇAS FRUTO,13-03-2023,./pdfs/CEASA-RJ_Boletim_diário_de_preços__13_03_2023.pdf
103,PEPINO COMUM,EXTRA,Cx 20 kg,"-20,00",30.0,40.0,50.0,3. HORTALIÇAS FRUTO,13-03-2023,./pdfs/CEASA-RJ_Boletim_diário_de_preços__13_03_2023.pdf
104,PEPINO JAPONÊS,,Cx 18 kg,"-20,00",50.0,60.0,70.0,3. HORTALIÇAS FRUTO,13-03-2023,./pdfs/CEASA-RJ_Boletim_diário_de_preços__13_03_2023.pdf
105,PIMENTA,DEDO,Sc 1 kg,"25,00",20.0,25.0,30.0,3. HORTALIÇAS FRUTO,13-03-2023,./pdfs/CEASA-RJ_Boletim_diário_de_preços__13_03_2023.pdf
106,PIMENTA,DE CHEIRO,Sc 1 kg,"20,00",20.0,30.0,30.0,3. HORTALIÇAS FRUTO,13-03-2023,./pdfs/CEASA-RJ_Boletim_diário_de_preços__13_03_2023.pdf
107,PIMENTA,MALAGUETA,Sc 1 kg,"33,33",30.0,40.0,45.0,3. HORTALIÇAS FRUTO,13-03-2023,./pdfs/CEASA-RJ_Boletim_diário_de_preços__13_03_2023.pdf
108,PIMENTÃO AMARELO,,Cx 5 kg,"0,00",60.0,70.0,100.0,3. HORTALIÇAS FRUTO,13-03-2023,./pdfs/CEASA-RJ_Boletim_diário_de_preços__13_03_2023.pdf
109,PIMENTÃO VERDE,EXTRA A,Cx 9 kg,"-11,54",50.0,60.0,80.0,3. HORTALIÇAS FRUTO,13-03-2023,./pdfs/CEASA-RJ_Boletim_diário_de_preços__13_03_2023.pdf
110,PIMENTÃO VERMELHO,,Cx 5 kg,"0,00",60.0,70.0,100.0,3. HORTALIÇAS FRUTO,13-03-2023,./pdfs/CEASA-RJ_Boletim_diário_de_preços__13_03_2023.pdf
111,QUIABO,EXTRA,Cx 10 kg,"-9,21",50.0,60.0,70.0,3. HORTALIÇAS FRUTO,13-03-2023,./pdfs/CEASA-RJ_Boletim_diário_de_preços__13_03_2023.pdf
112,TOMATE,EXTRA AA,Cx 18 kg,"-20,23",110.0,120.0,140.0,3. HORTALIÇAS FRUTO,13-03-2023,./pdfs/CEASA-RJ_Boletim_diário_de_preços__13_03_2023.pdf
113,TOMATE CEREJA,,Cx 2 kg / 4 unid,"33,33",18.0,20.0,25.0,3. HORTALIÇAS FRUTO,13-03-2023,./pdfs/CEASA-RJ_Boletim_diário_de_preços__13_03_2023.pdf
114,TOMATE ITALIANO,,Cx 20 kg,,110.0,120.0,140.0,3. HORTALIÇAS FRUTO,13-03-2023,./pdfs/CEASA-RJ_Boletim_diário_de_preços__13_03_2023.pdf
115,TOMATE SWEET GRAPE,,"Cx 1,4 kg - 4 band",,0.0,0.0,0.0,3. HORTALIÇAS FRUTO,13-03-2023,./pdfs/CEASA-RJ_Boletim_diário_de_preços__13_03_2023.pdf
116,VAGEM MACARRÃO,EXTRA,Cx 12 kg,"5,28",120.0,130.0,140.0,3. HORTALIÇAS FRUTO,13-03-2023,./pdfs/CEASA-RJ_Boletim_diário_de_preços__13_03_2023.pdf
117,VAGEM MANTEIGA,EXTRA,Cx 12 kg,"-3,29",90.0,100.0,110.0,3. HORTALIÇAS FRUTO,13-03-2023,./pdfs/CEASA-RJ_Boletim_diário_de_preços__13_03_2023.pdf
118,ACELGA,,Preg 20 kg/8 cab,"16,94",25.0,30.0,32.0,"4. HORTALIÇAS FOLHA, FLOR E HASTE",13-03-2023,./pdfs/CEASA-RJ_Boletim_diário_de_preços__13_03_2023.pdf
119,AGRIÃO,,"Mol 0,25 kg","0,00",0.8,1.0,1.0,"4. HORTALIÇAS FOLHA, FLOR E HASTE",13-03-2023,./pdfs/CEASA-RJ_Boletim_diário_de_preços__13_03_2023.pdf
120,AIPO/SALSÃO,,Ama 13 kg / 6 ml,"33,33",15.0,20.0,25.0,"4. HORTALIÇAS FOLHA, FLOR E HASTE",13-03-2023,./pdfs/CEASA-RJ_Boletim_diário_de_preços__13_03_2023.pdf
121,ALCACHOFRA,,Cx 2 kg,,100.0,110.0,120.0,"4. HORTALIÇAS FOLHA, FLOR E HASTE",13-03-2023,./pdfs/CEASA-RJ_Boletim_diário_de_preços__13_03_2023.pdf
122,ALECRIM,,"Mol 0,15 kg","50,00",2.5,3.0,3.0,"4. HORTALIÇAS FOLHA, FLOR E HASTE",13-03-2023,./pdfs/CEASA-RJ_Boletim_diário_de_preços__13_03_2023.pdf
123,ALFACE CRESPA,EXTRA,Preg 6 kg/18 unid,"-30,59",12.0,15.0,18.0,"4. HORTALIÇAS FOLHA, FLOR E HASTE",13-03-2023,./pdfs/CEASA-RJ_Boletim_diário_de_preços__13_03_2023.pdf
124,ALFACE LISA,EXTRA,Preg 6 kg/18 unid,"-30,59",12.0,15.0,18.0,"4. HORTALIÇAS FOLHA, FLOR E HASTE",13-03-2023,./pdfs/CEASA-RJ_Boletim_diário_de_preços__13_03_2023.pdf
125,ALHO-PORÓ,,"Ama 4,5 kg / 12 unid","66,67",25.0,30.0,35.0,"4. HORTALIÇAS FOLHA, FLOR E HASTE",13-03-2023,./pdfs/CEASA-RJ_Boletim_diário_de_preços__13_03_2023.pdf
126,ALMEIRÃO,,"Ama 0,25 kg / 5 unid",,1.0,1.0,1.5,"4. HORTALIÇAS FOLHA, FLOR E HASTE",13-03-2023,./pdfs/CEASA-RJ_Boletim_diário_de_preços__13_03_2023.pdf
127,ASPARGO,,"Mol 0,4 kg","36,36",25.0,30.0,30.0,"4. HORTALIÇAS FOLHA, FLOR E HASTE",13-03-2023,./pdfs/CEASA-RJ_Boletim_diário_de_preços__13_03_2023.pdf
128,BERTALHA,,"Mol 0,50 kg","50,00",1.0,1.5,2.0,"4. HORTALIÇAS FOLHA, FLOR E HASTE",13-03-2023,./pdfs/CEASA-RJ_Boletim_diário_de_preços__13_03_2023.pdf
129,BRÓCOLIS AMERICANA,,Preg 8 kg / 8 cab,"60,00",45.0,48.0,50.0,"4. HORTALIÇAS FOLHA, FLOR E HASTE",13-03-2023,./pdfs/CEASA-RJ_Boletim_diário_de_preços__13_03_2023.pdf
130,BRÓCOLIS COMUM,,"Mol 0,80 kg","-9,42",4.0,5.0,6.0,"4. HORTALIÇAS FOLHA, FLOR E HASTE",13-03-2023,./pdfs/CEASA-RJ_Boletim_diário_de_preços__13_03_2023.pdf
131,CATALONHA,,"Mol 0,2 kg",,0.0,0.0,0.0,"4. HORTALIÇAS FOLHA, FLOR E HASTE",13-03-2023,./pdfs/CEASA-RJ_Boletim_diário_de_preços__13_03_2023.pdf
132,CEBOLINHA,,"Mol 0,4 kg","33,33",3.0,4.0,4.0,"4. HORTALIÇAS FOLHA, FLOR E HASTE",13-03-2023,./pdfs/CEASA-RJ_Boletim_diário_de_preços__13_03_2023.pdf
133,CHEIRO VERDE,,"Ama 0,5 kg / 10 mol","33,33",6.0,8.0,8.0,"4. HORTALIÇAS FOLHA, FLOR E HASTE",13-03-2023,./pdfs/CEASA-RJ_Boletim_diário_de_preços__13_03_2023.pdf
134,CHICÓRIA,,Preg 6 kg/18 unid,"-27,68",12.0,15.0,18.0,"4. HORTALIÇAS FOLHA, FLOR E HASTE",13-03-2023,./pdfs/CEASA-RJ_Boletim_diário_de_preços__13_03_2023.pdf
135,COENTRO,,Ama 1 kg / 10 unid,"-51,69",8.0,10.0,15.0,"4. HORTALIÇAS FOLHA, FLOR E HASTE",13-03-2023,./pdfs/CEASA-RJ_Boletim_diário_de_preços__13_03_2023.pdf
136,COUVE BRUXELAS,,,"-46,67",6.0,8.0,10.0,"4. HORTALIÇAS FOLHA, FLOR E HASTE",13-03-2023,./pdfs/CEASA-RJ_Boletim_diário_de_preços__13_03_2023.pdf
137,COUVE COMUM,,Ama 1 kg / 10 unid,"42,86",8.0,10.0,12.0,"4. HORTALIÇAS FOLHA, FLOR E HASTE",13-03-2023,./pdfs/CEASA-RJ_Boletim_diário_de_preços__13_03_2023.pdf
138,COUVE-FLOR,GRANDE,2 kg,"-1,31",30.0,40.0,50.0,"4. HORTALIÇAS FOLHA, FLOR E HASTE",13-03-2023,./pdfs/CEASA-RJ_Boletim_diário_de_preços__13_03_2023.pdf
139,ENDÍVIA,,"0,5kg","200,00",20.0,30.0,40.0,"4. HORTALIÇAS FOLHA, FLOR E HASTE",13-03-2023,./pdfs/CEASA-RJ_Boletim_diário_de_preços__13_03_2023.pdf
140,ERVA-DOCE / FUNCHO,,Ama 6 kg/6 unid,,0.0,0.0,0.0,"4. HORTALIÇAS FOLHA, FLOR E HASTE",13-03-2023,./pdfs/CEASA-RJ_Boletim_diário_de_preços__13_03_2023.pdf
141,ESPINAFRE,,"Mol 0,5 kg","-32,43",1.5,2.0,2.0,"4. HORTALIÇAS FOLHA, FLOR E HASTE",13-03-2023,./pdfs/CEASA-RJ_Boletim_diário_de_preços__13_03_2023.pdf
142,HORTELÃ,,"Ama 0,200 kg / 10 mol","100,00",3.0,4.0,5.0,"4. HORTALIÇAS FOLHA, FLOR E HASTE",13-03-2023,./pdfs/CEASA-RJ_Boletim_diário_de_preços__13_03_2023.pdf
143,LOURO,,Ama 1 kg / 5 mol,"20,00",4.0,6.0,7.0,"4. HORTALIÇAS FOLHA, FLOR E HASTE",13-03-2023,./pdfs/CEASA-RJ_Boletim_diário_de_preços__13_03_2023.pdf
144,MANJERICÃO,,"Mol 0,3 kg","0,00",1.5,2.0,3.0,"4. HORTALIÇAS FOLHA, FLOR E HASTE",13-03-2023,./pdfs/CEASA-RJ_Boletim_diário_de_preços__13_03_2023.pdf
145,MOSTARDA,,Ama 1 kg,,1.0,1.0,1.5,"4. HORTALIÇAS FOLHA, FLOR E HASTE",13-03-2023,./pdfs/CEASA-RJ_Boletim_diário_de_preços__13_03_2023.pdf
146,MOYASHI,,"Pct 0,5 kg",,7.0,8.0,10.0,"4. HORTALIÇAS FOLHA, FLOR E HASTE",13-03-2023,./pdfs/CEASA-RJ_Boletim_diário_de_preços__13_03_2023.pdf
147,NIRÁ,,Mol 1 kg,,0.0,0.0,0.0,"4. HORTALIÇAS FOLHA, FLOR E HASTE",13-03-2023,./pdfs/CEASA-RJ_Boletim_diário_de_preços__13_03_2023.pdf
148,PALMITO,,Unid 4 kg,,0.0,0.0,0.0,"4. HORTALIÇAS FOLHA, FLOR E HASTE",13-03-2023,./pdfs/CEASA-RJ_Boletim_diário_de_preços__13_03_2023.pdf
149,REPOLHO ROXO,,Preg 15 kg,"0,00",45.0,50.0,60.0,"4. HORTALIÇAS FOLHA, FLOR E HASTE",13-03-2023,./pdfs/CEASA-RJ_Boletim_diário_de_preços__13_03_2023.pdf
150,REPOLHO VERDE,GRANDE,Preg 15 kg/12 unid,"-17,86",40.0,40.0,50.0,"4. HORTALIÇAS FOLHA, FLOR E HASTE",13-03-2023,./pdfs/CEASA-RJ_Boletim_diário_de_preços__13_03_2023.pdf
151,RÚCULA,,"Ama 0,5 kg / 5 mol","66,67",4.0,5.0,6.0,"4. HORTALIÇAS FOLHA, FLOR E HASTE",13-03-2023,./pdfs/CEASA-RJ_Boletim_diário_de_preços__13_03_2023.pdf
152,SALSA,,"Mol 0,45 kg","100,00",3.0,4.0,5.0,"4. HORTALIÇAS FOLHA, FLOR E HASTE",13-03-2023,./pdfs/CEASA-RJ_Boletim_diário_de_preços__13_03_2023.pdf
153,TAIOBA,,Mol 1 kg,,2.0,3.0,5.0,"4. HORTALIÇAS FOLHA, FLOR E HASTE",13-03-2023,./pdfs/CEASA-RJ_Boletim_diário_de_preços__13_03_2023.pdf
154,"5. HORTALIÇAS RAIZ, BULBO,
TUBÉRCULO E RIZOMA",,,,0.0,0.0,0.0,"4. HORTALIÇAS FOLHA, FLOR E HASTE",13-03-2023,./pdfs/CEASA-RJ_Boletim_diário_de_preços__13_03_2023.pdf
155,AIPIM,COMUM,Cx 20 kg,"15,47",50.0,60.0,70.0,"4. HORTALIÇAS FOLHA, FLOR E HASTE",13-03-2023,./pdfs/CEASA-RJ_Boletim_diário_de_preços__13_03_2023.pdf
156,ALHO IMPORTADO,BRANCO,Cx 10 kg,"-18,75",120.0,130.0,140.0,"4. HORTALIÇAS FOLHA, FLOR E HASTE",13-03-2023,./pdfs/CEASA-RJ_Boletim_diário_de_preços__13_03_2023.pdf
157,ALHO IMPORTADO,ROXO,Cx 10 kg,"-18,75",120.0,130.0,140.0,"4. HORTALIÇAS FOLHA, FLOR E HASTE",13-03-2023,./pdfs/CEASA-RJ_Boletim_diário_de_preços__13_03_2023.pdf
158,ALHO NACIONAL,BRANCO,Cx 10 kg,,0.0,0.0,0.0,"4. HORTALIÇAS FOLHA, FLOR E HASTE",13-03-2023,./pdfs/CEASA-RJ_Boletim_diário_de_preços__13_03_2023.pdf
159,ALHO NACIONAL,ROXO,Cx 10 kg,"-26,19",110.0,120.0,130.0,"4. HORTALIÇAS FOLHA, FLOR E HASTE",13-03-2023,./pdfs/CEASA-RJ_Boletim_diário_de_preços__13_03_2023.pdf
160,BATATA ASTERIX,ESPECIAL,,"38,42",100.0,110.0,120.0,"4. HORTALIÇAS FOLHA, FLOR E HASTE",13-03-2023,./pdfs/CEASA-RJ_Boletim_diário_de_preços__13_03_2023.pdf
161,BATATA BAROA,EXTRA,Cx 16 kg,"-44,61",120.0,130.0,140.0,"4. HORTALIÇAS FOLHA, FLOR E HASTE",13-03-2023,./pdfs/CEASA-RJ_Boletim_diário_de_preços__13_03_2023.pdf
162,BATATA COMUM,ESPECIAL,Sc 25 kg,"-36,75",100.0,110.0,120.0,"4. HORTALIÇAS FOLHA, FLOR E HASTE",13-03-2023,./pdfs/CEASA-RJ_Boletim_diário_de_preços__13_03_2023.pdf
163,BATATA DOCE,EXTRA,Cx 20 kg,"-16,67",40.0,50.0,60.0,"4. HORTALIÇAS FOLHA, FLOR E HASTE",13-03-2023,./pdfs/CEASA-RJ_Boletim_diário_de_preços__13_03_2023.pdf
164,BATATA LISA,ESPECIAL,Sc 25 kg,"-73,08",60.0,70.0,80.0,"4. HORTALIÇAS FOLHA, FLOR E HASTE",13-03-2023,./pdfs/CEASA-RJ_Boletim_diário_de_preços__13_03_2023.pdf
165,BATATA YACON,,Cx 8 kg,"11,11",90.0,100.0,110.0,"4. HORTALIÇAS FOLHA, FLOR E HASTE",13-03-2023,./pdfs/CEASA-RJ_Boletim_diário_de_preços__13_03_2023.pdf
166,BETERRABA,EXTRA,Cx 20 kg,"-26,01",50.0,60.0,70.0,"4. HORTALIÇAS FOLHA, FLOR E HASTE",13-03-2023,./pdfs/CEASA-RJ_Boletim_diário_de_preços__13_03_2023.pdf
167,CARÁ,,Cx 20 kg,"128,57",150.0,160.0,170.0,"4. HORTALIÇAS FOLHA, FLOR E HASTE",13-03-2023,./pdfs/CEASA-RJ_Boletim_diário_de_preços__13_03_2023.pdf
168,CEBOLA IMPORTADA,BRANCA,Sc 20 kg,,0.0,0.0,0.0,"4. HORTALIÇAS FOLHA, FLOR E HASTE",13-03-2023,./pdfs/CEASA-RJ_Boletim_diário_de_preços__13_03_2023.pdf
169,CEBOLA IMPORTADA,ROXA,Sc 20 kg,,0.0,0.0,0.0,"4. HORTALIÇAS FOLHA, FLOR E HASTE",13-03-2023,./pdfs/CEASA-RJ_Boletim_diário_de_preços__13_03_2023.pdf
170,CEBOLA NACIONAL,BRANCA,Sc 20 kg,"3,75",50.0,60.0,70.0,"4. HORTALIÇAS FOLHA, FLOR E HASTE",13-03-2023,./pdfs/CEASA-RJ_Boletim_diário_de_preços__13_03_2023.pdf
171,CEBOLA NACIONAL,ROXA,Sc 20 kg,"-17,17",70.0,80.0,90.0,"4. HORTALIÇAS FOLHA, FLOR E HASTE",13-03-2023,./pdfs/CEASA-RJ_Boletim_diário_de_preços__13_03_2023.pdf
172,CENOURA,EXTRA A,Cx 20 kg,"-26,70",110.0,120.0,130.0,"4. HORTALIÇAS FOLHA, FLOR E HASTE",13-03-2023,./pdfs/CEASA-RJ_Boletim_diário_de_preços__13_03_2023.pdf
173,GENGIBRE,,Cx 15 kg,"16,67",60.0,70.0,80.0,"4. HORTALIÇAS FOLHA, FLOR E HASTE",13-03-2023,./pdfs/CEASA-RJ_Boletim_diário_de_preços__13_03_2023.pdf
174,INHAME CHINÊS,EXTRA,Cx 18 kg,"50,83",90.0,100.0,110.0,"4. HORTALIÇAS FOLHA, FLOR E HASTE",13-03-2023,./pdfs/CEASA-RJ_Boletim_diário_de_preços__13_03_2023.pdf
175,INHAME DE CABEÇA,,Sc 20 kg,"38,17",30.0,40.0,50.0,"4. HORTALIÇAS FOLHA, FLOR E HASTE",13-03-2023,./pdfs/CEASA-RJ_Boletim_diário_de_preços__13_03_2023.pdf
176,NABO,EXTRA,Cx 20 kg,"-57,14",25.0,30.0,35.0,"4. HORTALIÇAS FOLHA, FLOR E HASTE",13-03-2023,./pdfs/CEASA-RJ_Boletim_diário_de_preços__13_03_2023.pdf
177,RABANETE,,Mol 1 kg,,10.0,11.0,12.0,"4. HORTALIÇAS FOLHA, FLOR E HASTE",13-03-2023,./pdfs/CEASA-RJ_Boletim_diário_de_preços__13_03_2023.pdf
178,OVO BRANCO,EXTRA,Cx 30 dz,"33,33",190.0,200.0,210.0,6. OVOS,13-03-2023,./pdfs/CEASA-RJ_Boletim_diário_de_preços__13_03_2023.pdf
179,OVO VERMELHO,EXTRA,Cx 30 dz,"27,78",220.0,230.0,240.0,6. OVOS,13-03-2023,./pdfs/CEASA-RJ_Boletim_diário_de_preços__13_03_2023.pdf
180,OVOS DE CODORNA,,Cx 30 dz,"24,15",110.0,115.0,120.0,6. OVOS,13-03-2023,./pdfs/CEASA-RJ_Boletim_diário_de_preços__13_03_2023.pdf
181,ABRÓTEA,,kg,,7.0,7.0,10.0,7. PEIXE,13-03-2023,./pdfs/CEASA-RJ_Boletim_diário_de_preços__13_03_2023.pdf
182,ANCHOVA,,kg,,10.0,10.0,14.0,7. PEIXE,13-03-2023,./pdfs/CEASA-RJ_Boletim_diário_de_preços__13_03_2023.pdf
183,ATUM,,kg,,15.0,18.0,20.0,7. PEIXE,13-03-2023,./pdfs/CEASA-RJ_Boletim_diário_de_preços__13_03_2023.pdf
184,BADEJO,,kg,,50.0,50.0,60.0,7. PEIXE,13-03-2023,./pdfs/CEASA-RJ_Boletim_diário_de_preços__13_03_2023.pdf
185,BAGRE,,kg,,10.0,12.0,14.0,7. PEIXE,13-03-2023,./pdfs/CEASA-RJ_Boletim_diário_de_preços__13_03_2023.pdf
186,BATATA,,kg,,20.0,25.0,30.0,7. PEIXE,13-03-2023,./pdfs/CEASA-RJ_Boletim_diário_de_preços__13_03_2023.pdf
187,BONITO CACHORRO,,kg,,3.0,3.0,3.0,7. PEIXE,13-03-2023,./pdfs/CEASA-RJ_Boletim_diário_de_preços__13_03_2023.pdf
188,BONITO LISTRADO,,kg,,0.0,0.0,0.0,7. PEIXE,13-03-2023,./pdfs/CEASA-RJ_Boletim_diário_de_preços__13_03_2023.pdf
189,BONITO PINTADO,,kg,,3.0,3.0,4.0,7. PEIXE,13-03-2023,./pdfs/CEASA-RJ_Boletim_diário_de_preços__13_03_2023.pdf
190,CAÇÃO,,kg,,15.0,20.0,20.0,7. PEIXE,13-03-2023,./pdfs/CEASA-RJ_Boletim_diário_de_preços__13_03_2023.pdf
191,CAMARÃO 7 BARBAS,,kg,,0.0,0.0,0.0,7. PEIXE,13-03-2023,./pdfs/CEASA-RJ_Boletim_diário_de_preços__13_03_2023.pdf
192,CAMARÃO BARBA RUSSA,,kg,,0.0,0.0,0.0,7. PEIXE,13-03-2023,./pdfs/CEASA-RJ_Boletim_diário_de_preços__13_03_2023.pdf
193,CAMARÃO BRANCO,,kg,,0.0,0.0,0.0,7. PEIXE,13-03-2023,./pdfs/CEASA-RJ_Boletim_diário_de_preços__13_03_2023.pdf
194,CAMARÃO CINZA,,kg,,24.0,26.0,35.0,7. PEIXE,13-03-2023,./pdfs/CEASA-RJ_Boletim_diário_de_preços__13_03_2023.pdf
195,CAMARÃO PITU,,kg,,50.0,70.0,80.0,7. PEIXE,13-03-2023,./pdfs/CEASA-RJ_Boletim_diário_de_preços__13_03_2023.pdf
196,CAMARÃO PITU LAGOSTIM,,kg,,0.0,0.0,0.0,7. PEIXE,13-03-2023,./pdfs/CEASA-RJ_Boletim_diário_de_preços__13_03_2023.pdf
197,CAMARÃO ROSA,,kg,,70.0,70.0,80.0,7. PEIXE,13-03-2023,./pdfs/CEASA-RJ_Boletim_diário_de_preços__13_03_2023.pdf
198,CAMARÃO VG,,kg,,80.0,90.0,90.0,7. PEIXE,13-03-2023,./pdfs/CEASA-RJ_Boletim_diário_de_preços__13_03_2023.pdf
199,CASTANHA,,kg,,0.0,0.0,0.0,7. PEIXE,13-03-2023,./pdfs/CEASA-RJ_Boletim_diário_de_preços__13_03_2023.pdf
200,CAVALA,,kg,,18.0,20.0,20.0,7. PEIXE,13-03-2023,./pdfs/CEASA-RJ_Boletim_diário_de_preços__13_03_2023.pdf
201,CAVALINHA,,kg,,40.0,70.0,70.0,7. PEIXE,13-03-2023,./pdfs/CEASA-RJ_Boletim_diário_de_preços__13_03_2023.pdf
202,CAVAQUINHA,,kg,,0.0,0.0,0.0,7. PEIXE,13-03-2023,./pdfs/CEASA-RJ_Boletim_diário_de_preços__13_03_2023.pdf
203,CHERNE,,kg,,50.0,50.0,60.0,7. PEIXE,13-03-2023,./pdfs/CEASA-RJ_Boletim_diário_de_preços__13_03_2023.pdf
204,CIOBA,,kg,,0.0,0.0,0.0,7. PEIXE,13-03-2023,./pdfs/CEASA-RJ_Boletim_diário_de_preços__13_03_2023.pdf
205,CONGRO ROSA,,kg,,0.0,0.0,0.0,7. PEIXE,13-03-2023,./pdfs/CEASA-RJ_Boletim_diário_de_preços__13_03_2023.pdf
206,CORVINA,,kg,,10.0,15.0,20.0,7. PEIXE,13-03-2023,./pdfs/CEASA-RJ_Boletim_diário_de_preços__13_03_2023.pdf
207,CURUMATÃ,,kg,,0.0,0.0,0.0,7. PEIXE,13-03-2023,./pdfs/CEASA-RJ_Boletim_diário_de_preços__13_03_2023.pdf
208,DOURADO,,kg,,20.0,25.0,28.0,7. PEIXE,13-03-2023,./pdfs/CEASA-RJ_Boletim_diário_de_preços__13_03_2023.pdf
209,ESPADA,,kg,,14.0,15.0,16.0,7. PEIXE,13-03-2023,./pdfs/CEASA-RJ_Boletim_diário_de_preços__13_03_2023.pdf
210,GALO,,kg,,0.0,0.0,0.0,7. PEIXE,13-03-2023,./pdfs/CEASA-RJ_Boletim_diário_de_preços__13_03_2023.pdf
211,GAROUPA,,kg,,35.0,40.0,40.0,7. PEIXE,13-03-2023,./pdfs/CEASA-RJ_Boletim_diário_de_preços__13_03_2023.pdf
212,GOETE,,kg,,0.0,0.0,0.0,7. PEIXE,13-03-2023,./pdfs/CEASA-RJ_Boletim_diário_de_preços__13_03_2023.pdf
213,LINGUADO,,kg,,25.0,30.0,45.0,7. PEIXE,13-03-2023,./pdfs/CEASA-RJ_Boletim_diário_de_preços__13_03_2023.pdf
214,LULA,,kg,,20.0,35.0,45.0,7. PEIXE,13-03-2023,./pdfs/CEASA-RJ_Boletim_diário_de_preços__13_03_2023.pdf
215,MANJUBINHA,,kg,,8.0,10.0,10.0,7. PEIXE,13-03-2023,./pdfs/CEASA-RJ_Boletim_diário_de_preços__13_03_2023.pdf
216,MARIA MOLE,,kg,,7.0,8.0,10.0,7. PEIXE,13-03-2023,./pdfs/CEASA-RJ_Boletim_diário_de_preços__13_03_2023.pdf
217,MARMOTA (MERLUZA),,kg,,0.0,0.0,0.0,7. PEIXE,13-03-2023,./pdfs/CEASA-RJ_Boletim_diário_de_preços__13_03_2023.pdf
218,MISTURA,,kg,,0.0,0.0,0.0,7. PEIXE,13-03-2023,./pdfs/CEASA-RJ_Boletim_diário_de_preços__13_03_2023.pdf
219,NAMORADO,,kg,,20.0,30.0,35.0,7. PEIXE,13-03-2023,./pdfs/CEASA-RJ_Boletim_diário_de_preços__13_03_2023.pdf
220,OLHO DE CÃO,,kg,,15.0,20.0,30.0,7. PEIXE,13-03-2023,./pdfs/CEASA-RJ_Boletim_diário_de_preços__13_03_2023.pdf
221,PARATI,,kg,,0.0,0.0,0.0,7. PEIXE,13-03-2023,./pdfs/CEASA-RJ_Boletim_diário_de_preços__13_03_2023.pdf
222,PARGO,,kg,,15.0,20.0,25.0,7. PEIXE,13-03-2023,./pdfs/CEASA-RJ_Boletim_diário_de_preços__13_03_2023.pdf
223,PEROÁ,,kg,,3.0,4.0,4.0,7. PEIXE,13-03-2023,./pdfs/CEASA-RJ_Boletim_diário_de_preços__13_03_2023.pdf
224,PESCADA AMARELA,,kg,,35.0,40.0,45.0,7. PEIXE,13-03-2023,./pdfs/CEASA-RJ_Boletim_diário_de_preços__13_03_2023.pdf
225,PESCADA BANANA,,kg,,0.0,0.0,0.0,7. PEIXE,13-03-2023,./pdfs/CEASA-RJ_Boletim_diário_de_preços__13_03_2023.pdf
226,PESCADA CAMBUÇU,,kg,,20.0,25.0,30.0,7. PEIXE,13-03-2023,./pdfs/CEASA-RJ_Boletim_diário_de_preços__13_03_2023.pdf
227,PESCADA PERNA DE MOÇA,,kg,,25.0,30.0,35.0,7. PEIXE,13-03-2023,./pdfs/CEASA-RJ_Boletim_diário_de_preços__13_03_2023.pdf
228,PESCADINHA,,kg,,15.0,18.0,20.0,7. PEIXE,13-03-2023,./pdfs/CEASA-RJ_Boletim_diário_de_preços__13_03_2023.pdf
229,POLVO,,kg,,45.0,55.0,65.0,7. PEIXE,13-03-2023,./pdfs/CEASA-RJ_Boletim_diário_de_preços__13_03_2023.pdf
230,RAIA,,kg,,4.0,5.0,5.0,7. PEIXE,13-03-2023,./pdfs/CEASA-RJ_Boletim_diário_de_preços__13_03_2023.pdf
231,ROBALO,,kg,,55.0,60.0,65.0,7. PEIXE,13-03-2023,./pdfs/CEASA-RJ_Boletim_diário_de_preços__13_03_2023.pdf
232,SAPO INTEIRO,,kg,,8.0,10.0,12.0,7. PEIXE,13-03-2023,./pdfs/CEASA-RJ_Boletim_diário_de_preços__13_03_2023.pdf
233,SAPO SEM CABEÇA,,kg,,13.0,15.0,18.0,7. PEIXE,13-03-2023,./pdfs/CEASA-RJ_Boletim_diário_de_preços__13_03_2023.pdf
234,SARDA,,kg,,0.0,0.0,0.0,7. PEIXE,13-03-2023,./pdfs/CEASA-RJ_Boletim_diário_de_preços__13_03_2023.pdf
235,SARDINHA BOCA TORTA,,kg,,0.0,0.0,0.0,7. PEIXE,13-03-2023,./pdfs/CEASA-RJ_Boletim_diário_de_preços__13_03_2023.pdf
236,SARDINHA LAGE,,kg,,5.0,6.0,8.0,7. PEIXE,13-03-2023,./pdfs/CEASA-RJ_Boletim_diário_de_preços__13_03_2023.pdf
237,SARDINHA VERDADEIRA,,kg,,8.0,10.0,12.0,7. PEIXE,13-03-2023,./pdfs/CEASA-RJ_Boletim_diário_de_preços__13_03_2023.pdf
238,SAVELHA,,kg,,0.0,0.0,0.0,7. PEIXE,13-03-2023,./pdfs/CEASA-RJ_Boletim_diário_de_preços__13_03_2023.pdf
239,SOROROCA,,kg,,16.0,16.0,18.0,7. PEIXE,13-03-2023,./pdfs/CEASA-RJ_Boletim_diário_de_preços__13_03_2023.pdf
240,TAINHA,,kg,,13.0,15.0,16.0,7. PEIXE,13-03-2023,./pdfs/CEASA-RJ_Boletim_diário_de_preços__13_03_2023.pdf
241,TILÁPIA,,kg,,10.0,12.0,12.0,7. PEIXE,13-03-2023,./pdfs/CEASA-RJ_Boletim_diário_de_preços__13_03_2023.pdf
242,TIRA-VIRA,,kg,,9.0,9.0,10.0,7. PEIXE,13-03-2023,./pdfs/CEASA-RJ_Boletim_diário_de_preços__13_03_2023.pdf
243,TRAÍRA,,kg,,0.0,0.0,0.0,7. PEIXE,13-03-2023,./pdfs/CEASA-RJ_Boletim_diário_de_preços__13_03_2023.pdf
244,TRILHA,,kg,,12.0,12.0,15.0,7. PEIXE,13-03-2023,./pdfs/CEASA-RJ_Boletim_diário_de_preços__13_03_2023.pdf
245,VIOLA,,kg,,0.0,0.0,0.0,7. PEIXE,13-03-2023,./pdfs/CEASA-RJ_Boletim_diário_de_preços__13_03_2023.pdf
246,XARÉU,,kg,,8.0,8.0,10.0,7. PEIXE,13-03-2023,./pdfs/CEASA-RJ_Boletim_diário_de_preços__13_03_2023.pdf
247,XERELETE,,kg,,8.0,11.0,13.0,7. PEIXE,13-03-2023,./pdfs/CEASA-RJ_Boletim_diário_de_preços__13_03_2023.pdf
